-- MySQL dump 10.13  Distrib 8.0.23, for Linux (x86_64)
--
-- Host: localhost    Database: django
-- ------------------------------------------------------
-- Server version	8.0.23

/*!40101 SET @OLD_CHARACTER_SET_CLIENT=@@CHARACTER_SET_CLIENT */;
/*!40101 SET @OLD_CHARACTER_SET_RESULTS=@@CHARACTER_SET_RESULTS */;
/*!40101 SET @OLD_COLLATION_CONNECTION=@@COLLATION_CONNECTION */;
/*!50503 SET NAMES utf8mb4 */;
/*!40103 SET @OLD_TIME_ZONE=@@TIME_ZONE */;
/*!40103 SET TIME_ZONE='+00:00' */;
/*!40014 SET @OLD_UNIQUE_CHECKS=@@UNIQUE_CHECKS, UNIQUE_CHECKS=0 */;
/*!40014 SET @OLD_FOREIGN_KEY_CHECKS=@@FOREIGN_KEY_CHECKS, FOREIGN_KEY_CHECKS=0 */;
/*!40101 SET @OLD_SQL_MODE=@@SQL_MODE, SQL_MODE='NO_AUTO_VALUE_ON_ZERO' */;
/*!40111 SET @OLD_SQL_NOTES=@@SQL_NOTES, SQL_NOTES=0 */;

--
-- Table structure for table `adminstrator_admininfo`
--

DROP TABLE IF EXISTS `adminstrator_admininfo`;
/*!40101 SET @saved_cs_client     = @@character_set_client */;
/*!50503 SET character_set_client = utf8mb4 */;
CREATE TABLE `adminstrator_admininfo` (
  `id` int NOT NULL AUTO_INCREMENT,
  `adm_id` varchar(20) NOT NULL,
  `password` varchar(50) NOT NULL,
  PRIMARY KEY (`id`),
  UNIQUE KEY `adm_id` (`adm_id`)
) ENGINE=InnoDB AUTO_INCREMENT=2 DEFAULT CHARSET=utf8mb4 COLLATE=utf8mb4_0900_ai_ci;
/*!40101 SET character_set_client = @saved_cs_client */;

--
-- Dumping data for table `adminstrator_admininfo`
--

LOCK TABLES `adminstrator_admininfo` WRITE;
/*!40000 ALTER TABLE `adminstrator_admininfo` DISABLE KEYS */;
INSERT INTO `adminstrator_admininfo` VALUES (1,'12345','123456');
/*!40000 ALTER TABLE `adminstrator_admininfo` ENABLE KEYS */;
UNLOCK TABLES;

--
-- Table structure for table `adminstrator_areas`
--

DROP TABLE IF EXISTS `adminstrator_areas`;
/*!40101 SET @saved_cs_client     = @@character_set_client */;
/*!50503 SET character_set_client = utf8mb4 */;
CREATE TABLE `adminstrator_areas` (
  `id` int NOT NULL AUTO_INCREMENT,
  `aid` int NOT NULL,
  `atitle` varchar(30) NOT NULL,
  `aParent` int DEFAULT NULL,
  PRIMARY KEY (`id`)
) ENGINE=InnoDB AUTO_INCREMENT=664 DEFAULT CHARSET=utf8mb4 COLLATE=utf8mb4_0900_ai_ci;
/*!40101 SET character_set_client = @saved_cs_client */;

--
-- Dumping data for table `adminstrator_areas`
--

LOCK TABLES `adminstrator_areas` WRITE;
/*!40000 ALTER TABLE `adminstrator_areas` DISABLE KEYS */;
INSERT INTO `api_areas` VALUES (1,1,'中国',0),(2,2,'阿尔巴尼亚',0),(3,3,'阿尔及利亚',0),(4,4,'阿富汗',0),(5,5,'阿根廷',0),(6,6,'阿拉伯联合酋长国',0),(7,7,'阿鲁巴',0),(8,8,'阿曼',0),(9,9,'阿塞拜疆',0),(10,10,'阿森松岛',0),(11,11,'埃及',0),(12,12,'埃塞俄比亚',0),(13,13,'爱尔兰',0),(14,14,'爱沙尼亚',0),(15,15,'安道尔',0),(16,16,'安哥拉',0),(17,17,'安圭拉',0),(18,18,'安提瓜岛和巴布达',0),(19,19,'奥地利',0),(20,20,'奥兰群岛',0),(21,21,'澳大利亚',0),(22,22,'巴巴多斯岛',0),(23,23,'巴布亚新几内亚',0),(24,24,'巴哈马',0),(25,25,'巴基斯坦',0),(26,28,'巴林',0),(27,29,'巴拿马',0),(28,30,'巴西',0),(29,31,'白俄罗斯',0),(30,32,'百慕大',0),(31,33,'保加利亚',0),(32,34,'北马里亚纳群岛',0),(33,35,'贝宁',0),(34,36,'比利时',0),(35,37,'冰岛',0),(36,38,'波多黎各',0),(37,39,'波兰',0),(38,40,'波斯尼亚和黑塞哥维那',0),(39,41,'玻利维亚',0),(40,42,'伯利兹',0),(41,43,'博茨瓦纳',0),(42,44,'不丹',0),(43,45,'布基纳法索',0),(44,46,'布隆迪',0),(45,47,'布韦岛',0),(46,48,'朝鲜',0),(47,49,'丹麦',0),(48,50,'德国',0),(49,51,'东帝汶',0),(50,52,'多哥',0),(51,53,'多米尼加',0),(52,54,'多米尼加共和国',0),(53,55,'俄罗斯',0),(54,56,'厄瓜多尔',0),(55,57,'厄立特里亚',0),(56,58,'法国',0),(57,59,'法罗群岛',0),(58,60,'法属波利尼西亚',0),(59,61,'法属圭亚那',0),(60,62,'法属南部领地',0),(61,63,'梵蒂冈',0),(62,64,'菲律宾',0),(63,65,'斐济',0),(64,66,'芬兰',0),(65,67,'佛得角',0),(66,68,'弗兰克群岛',0),(67,69,'冈比亚',0),(68,70,'刚果',0),(69,71,'刚果民主共和国',0),(70,72,'哥伦比亚',0),(71,73,'哥斯达黎加',0),(72,74,'格恩西岛',0),(73,75,'格林纳达',0),(74,76,'格陵兰',0),(75,77,'古巴',0),(76,78,'瓜德罗普',0),(77,79,'关岛',0),(78,80,'圭亚那',0),(79,81,'哈萨克斯坦',0),(80,82,'海地',0),(81,83,'韩国',0),(82,84,'荷兰',0),(83,85,'荷属安地列斯',0),(84,86,'赫德和麦克唐纳群岛',0),(85,87,'洪都拉斯',0),(86,88,'基里巴斯',0),(87,89,'吉布提',0),(88,90,'吉尔吉斯斯坦',0),(89,91,'几内亚',0),(90,92,'几内亚比绍',0),(91,93,'加拿大',0),(92,94,'加纳',0),(93,95,'加蓬',0),(94,96,'柬埔寨',0),(95,97,'捷克共和国',0),(96,98,'津巴布韦',0),(97,99,'喀麦隆',0),(98,100,'卡塔尔',0),(99,101,'开曼群岛',0),(100,102,'科科斯群岛',0),(101,103,'科摩罗',0),(102,104,'科特迪瓦',0),(103,105,'科威特',0),(104,106,'克罗地亚',0),(105,107,'肯尼亚',0),(106,108,'库克群岛',0),(107,109,'拉脱维亚',0),(108,110,'莱索托',0),(109,111,'老挝',0),(110,112,'黎巴嫩',0),(111,113,'立陶宛',0),(112,114,'利比里亚',0),(113,115,'利比亚',0),(114,116,'列支敦士登',0),(115,117,'留尼旺岛',0),(116,118,'卢森堡',0),(117,119,'卢旺达',0),(118,120,'罗马尼亚',0),(119,121,'马达加斯加',0),(120,122,'马尔代夫',0),(121,123,'马耳他',0),(122,124,'马拉维',0),(123,125,'马来西亚',0),(124,126,'马里',0),(125,127,'马其顿',0),(126,128,'马绍尔群岛',0),(127,129,'马提尼克',0),(128,130,'马约特岛',0),(129,131,'曼岛',0),(130,132,'毛里求斯',0),(131,133,'毛里塔尼亚',0),(132,134,'美国',0),(133,135,'美属萨摩亚',0),(134,136,'美属外岛',0),(135,137,'蒙古',0),(136,138,'蒙特塞拉特',0),(137,139,'孟加拉',0),(138,140,'秘鲁',0),(139,141,'密克罗尼西亚',0),(140,142,'缅甸',0),(141,143,'摩尔多瓦',0),(142,144,'摩洛哥',0),(143,145,'摩纳哥',0),(144,146,'莫桑比克',0),(145,147,'墨西哥',0),(146,148,'纳米比亚',0),(147,149,'南非',0),(148,150,'南极洲',0),(149,151,'南乔治亚和南桑德威奇群岛',0),(150,152,'瑙鲁',0),(151,153,'尼泊尔',0),(152,154,'尼加拉瓜',0),(153,155,'尼日尔',0),(154,156,'尼日利亚',0),(155,157,'纽埃',0),(156,158,'挪威',0),(157,159,'诺福克',0),(158,160,'帕劳群岛',0),(159,161,'皮特凯恩',0),(160,162,'葡萄牙',0),(161,163,'乔治亚',0),(162,164,'日本',0),(163,165,'瑞典',0),(164,166,'瑞士',0),(165,167,'萨尔瓦多',0),(166,168,'萨摩亚',0),(167,169,'塞尔维亚,黑山',0),(168,170,'塞拉利昂',0),(169,171,'塞内加尔',0),(170,172,'塞浦路斯',0),(171,173,'塞舌尔',0),(172,174,'沙特阿拉伯',0),(173,175,'圣诞岛',0),(174,176,'圣多美和普林西比',0),(175,177,'圣赫勒拿',0),(176,178,'圣基茨和尼维斯',0),(177,179,'圣卢西亚',0),(178,180,'圣马力诺',0),(179,181,'圣皮埃尔和米克隆群岛',0),(180,182,'圣文森特和格林纳丁斯',0),(181,183,'斯里兰卡',0),(182,184,'斯洛伐克',0),(183,185,'斯洛文尼亚',0),(184,186,'斯瓦尔巴和扬马廷',0),(185,187,'斯威士兰',0),(186,188,'苏丹',0),(187,189,'苏里南',0),(188,190,'所罗门群岛',0),(189,191,'索马里',0),(190,192,'塔吉克斯坦',0),(191,193,'泰国',0),(192,194,'坦桑尼亚',0),(193,195,'汤加',0),(194,196,'特克斯和凯克特斯群岛',0),(195,197,'特里斯坦达昆哈',0),(196,198,'特立尼达和多巴哥',0),(197,199,'突尼斯',0),(198,200,'图瓦卢',0),(199,201,'土耳其',0),(200,202,'土库曼斯坦',0),(201,203,'托克劳',0),(202,204,'瓦利斯和福图纳',0),(203,205,'瓦努阿图',0),(204,206,'危地马拉',0),(205,207,'维尔京群岛，美属',0),(206,208,'维尔京群岛，英属',0),(207,209,'委内瑞拉',0),(208,210,'文莱',0),(209,211,'乌干达',0),(210,212,'乌克兰',0),(211,213,'乌拉圭',0),(212,214,'乌兹别克斯坦',0),(213,215,'西班牙',0),(214,216,'希腊',0),(215,217,'新加坡',0),(216,218,'新喀里多尼亚',0),(217,219,'新西兰',0),(218,220,'匈牙利',0),(219,221,'叙利亚',0),(220,222,'牙买加',0),(221,223,'亚美尼亚',0),(222,224,'也门',0),(223,225,'伊拉克',0),(224,226,'伊朗',0),(225,227,'以色列',0),(226,228,'意大利',0),(227,229,'印度',0),(228,230,'印度尼西亚',0),(229,231,'英国',0),(230,232,'英属印度洋领地',0),(231,233,'约旦',0),(232,234,'越南',0),(233,235,'赞比亚',0),(234,236,'泽西岛',0),(235,237,'乍得',0),(236,238,'直布罗陀',0),(237,239,'智利',0),(238,240,'中非共和国',0),(239,1,'北京市',1),(240,2,'天津市',1),(241,3,'上海市',1),(242,4,'重庆市',1),(243,5,'河北省',1),(244,6,'山西省',1),(245,7,'台湾省',1),(246,8,'辽宁省',1),(247,9,'吉林省',1),(248,10,'黑龙江省',1),(249,11,'江苏省',1),(250,12,'浙江省',1),(251,13,'安徽省',1),(252,14,'福建省',1),(253,15,'江西省',1),(254,16,'山东省',1),(255,17,'河南省',1),(256,18,'湖北省',1),(257,19,'湖南省',1),(258,20,'广东省',1),(259,21,'甘肃省',1),(260,22,'四川省',1),(261,23,'贵州省',1),(262,24,'海南省',1),(263,25,'云南省',1),(264,26,'青海省',1),(265,27,'陕西省',1),(266,28,'广西壮族自治区',1),(267,29,'西藏自治区',1),(268,30,'宁夏回族自治区',1),(269,31,'新疆维吾尔自治区',1),(270,32,'内蒙古自治区',1),(271,33,'澳门特别行政区',1),(272,34,'香港特别行政区',1),(273,1,'北京市',1),(274,2,'天津市',2),(275,3,'上海市',3),(276,4,'重庆市',4),(277,5,'石家庄市',5),(278,6,'唐山市',5),(279,7,'秦皇岛市',5),(280,8,'邯郸市',5),(281,9,'邢台市',5),(282,10,'保定市',5),(283,11,'张家口市',5),(284,12,'承德市',5),(285,13,'沧州市',5),(286,14,'廊坊市',5),(287,15,'衡水市',5),(288,16,'太原市',6),(289,17,'大同市',6),(290,18,'阳泉市',6),(291,19,'长治市',6),(292,20,'晋城市',6),(293,21,'朔州市',6),(294,22,'晋中市',6),(295,23,'运城市',6),(296,24,'忻州市',6),(297,25,'临汾市',6),(298,26,'吕梁市',6),(299,27,'台北市',7),(300,28,'高雄市',7),(301,29,'基隆市',7),(302,30,'台中市',7),(303,31,'台南市',7),(304,32,'新竹市',7),(305,33,'嘉义市',7),(306,34,'台北县',7),(307,35,'宜兰县',7),(308,36,'桃园县',7),(309,37,'新竹县',7),(310,38,'苗栗县',7),(311,39,'台中县',7),(312,40,'彰化县',7),(313,41,'南投县',7),(314,42,'云林县',7),(315,43,'嘉义县',7),(316,44,'台南县',7),(317,45,'高雄县',7),(318,46,'屏东县',7),(319,47,'澎湖县',7),(320,48,'台东县',7),(321,49,'花莲县',7),(322,50,'沈阳市',8),(323,51,'大连市',8),(324,52,'鞍山市',8),(325,53,'抚顺市',8),(326,54,'本溪市',8),(327,55,'丹东市',8),(328,56,'锦州市',8),(329,57,'营口市',8),(330,58,'阜新市',8),(331,59,'辽阳市',8),(332,60,'盘锦市',8),(333,61,'铁岭市',8),(334,62,'朝阳市',8),(335,63,'葫芦岛市',8),(336,64,'长春市',9),(337,65,'吉林市',9),(338,66,'四平市',9),(339,67,'辽源市',9),(340,68,'通化市',9),(341,69,'白山市',9),(342,70,'松原市',9),(343,71,'白城市',9),(344,72,'延边朝鲜族自治州',9),(345,73,'哈尔滨市',10),(346,74,'齐齐哈尔市',10),(347,75,'鹤岗市',10),(348,76,'双鸭山市',10),(349,77,'鸡西市',10),(350,78,'大庆市',10),(351,79,'伊春市',10),(352,80,'牡丹江市',10),(353,81,'佳木斯市',10),(354,82,'七台河市',10),(355,83,'黑河市',10),(356,84,'绥化市',10),(357,85,'大兴安岭地区',10),(358,86,'南京市',11),(359,87,'无锡市',11),(360,88,'徐州市',11),(361,89,'常州市',11),(362,90,'苏州市',11),(363,91,'南通市',11),(364,92,'连云港市',11),(365,93,'淮安市',11),(366,94,'盐城市',11),(367,95,'扬州市',11),(368,96,'镇江市',11),(369,97,'泰州市',11),(370,98,'宿迁市',11),(371,99,'杭州市',12),(372,100,'宁波市',12),(373,101,'温州市',12),(374,102,'嘉兴市',12),(375,103,'湖州市',12),(376,104,'绍兴市',12),(377,105,'金华市',12),(378,106,'衢州市',12),(379,107,'舟山市',12),(380,108,'台州市',12),(381,109,'丽水市',12),(382,110,'合肥市',13),(383,111,'芜湖市',13),(384,112,'蚌埠市',13),(385,113,'淮南市',13),(386,114,'马鞍山市',13),(387,115,'淮北市',13),(388,116,'铜陵市',13),(389,117,'安庆市',13),(390,118,'黄山市',13),(391,119,'滁州市',13),(392,120,'阜阳市',13),(393,121,'宿州市',13),(394,122,'巢湖市',13),(395,123,'六安市',13),(396,124,'亳州市',13),(397,125,'池州市',13),(398,126,'宣城市',13),(399,127,'福州市',14),(400,128,'厦门市',14),(401,129,'莆田市',14),(402,130,'三明市',14),(403,131,'泉州市',14),(404,132,'漳州市',14),(405,133,'南平市',14),(406,134,'龙岩市',14),(407,135,'宁德市',14),(408,136,'南昌市',15),(409,137,'景德镇市',15),(410,138,'萍乡市',15),(411,139,'九江市',15),(412,140,'新余市',15),(413,141,'鹰潭市',15),(414,142,'赣州市',15),(415,143,'吉安市',15),(416,144,'宜春市',15),(417,145,'抚州市',15),(418,146,'上饶市',15),(419,147,'济南市',16),(420,148,'青岛市',16),(421,149,'淄博市',16),(422,150,'枣庄市',16),(423,151,'东营市',16),(424,152,'烟台市',16),(425,153,'潍坊市',16),(426,154,'济宁市',16),(427,155,'泰安市',16),(428,156,'威海市',16),(429,157,'日照市',16),(430,158,'莱芜市',16),(431,159,'临沂市',16),(432,160,'德州市',16),(433,161,'聊城市',16),(434,162,'滨州市',16),(435,163,'菏泽市',16),(436,164,'郑州市',17),(437,165,'开封市',17),(438,166,'洛阳市',17),(439,167,'平顶山市',17),(440,168,'安阳市',17),(441,169,'鹤壁市',17),(442,170,'新乡市',17),(443,171,'焦作市',17),(444,172,'濮阳市',17),(445,173,'许昌市',17),(446,174,'漯河市',17),(447,175,'三门峡市',17),(448,176,'南阳市',17),(449,177,'商丘市',17),(450,178,'信阳市',17),(451,179,'周口市',17),(452,180,'驻马店市',17),(453,181,'济源市',17),(454,182,'武汉市',18),(455,183,'黄石市',18),(456,184,'十堰市',18),(457,185,'荆州市',18),(458,186,'宜昌市',18),(459,187,'襄樊市',18),(460,188,'鄂州市',18),(461,189,'荆门市',18),(462,190,'孝感市',18),(463,191,'黄冈市',18),(464,192,'咸宁市',18),(465,193,'随州市',18),(466,194,'仙桃市',18),(467,195,'天门市',18),(468,196,'潜江市',18),(469,197,'神农架林区',18),(470,198,'恩施土家族苗族自治州',18),(471,199,'长沙市',19),(472,200,'株洲市',19),(473,201,'湘潭市',19),(474,202,'衡阳市',19),(475,203,'邵阳市',19),(476,204,'岳阳市',19),(477,205,'常德市',19),(478,206,'张家界市',19),(479,207,'益阳市',19),(480,208,'郴州市',19),(481,209,'永州市',19),(482,210,'怀化市',19),(483,211,'娄底市',19),(484,212,'湘西土家族苗族自治州',19),(485,213,'广州市',20),(486,214,'深圳市',20),(487,215,'珠海市',20),(488,216,'汕头市',20),(489,217,'韶关市',20),(490,218,'佛山市',20),(491,219,'江门市',20),(492,220,'湛江市',20),(493,221,'茂名市',20),(494,222,'肇庆市',20),(495,223,'惠州市',20),(496,224,'梅州市',20),(497,225,'汕尾市',20),(498,226,'河源市',20),(499,227,'阳江市',20),(500,228,'清远市',20),(501,229,'东莞市',20),(502,230,'中山市',20),(503,231,'潮州市',20),(504,232,'揭阳市',20),(505,233,'云浮市',20),(506,234,'兰州市',21),(507,235,'金昌市',21),(508,236,'白银市',21),(509,237,'天水市',21),(510,238,'嘉峪关市',21),(511,239,'武威市',21),(512,240,'张掖市',21),(513,241,'平凉市',21),(514,242,'酒泉市',21),(515,243,'庆阳市',21),(516,244,'定西市',21),(517,245,'陇南市',21),(518,246,'临夏回族自治州',21),(519,247,'甘南藏族自治州',21),(520,248,'成都市',22),(521,249,'自贡市',22),(522,250,'攀枝花市',22),(523,251,'泸州市',22),(524,252,'德阳市',22),(525,253,'绵阳市',22),(526,254,'广元市',22),(527,255,'遂宁市',22),(528,256,'内江市',22),(529,257,'乐山市',22),(530,258,'南充市',22),(531,259,'眉山市',22),(532,260,'宜宾市',22),(533,261,'广安市',22),(534,262,'达州市',22),(535,263,'雅安市',22),(536,264,'巴中市',22),(537,265,'资阳市',22),(538,266,'阿坝藏族羌族自治州',22),(539,267,'甘孜藏族自治州',22),(540,268,'凉山彝族自治州',22),(541,269,'贵阳市',23),(542,270,'六盘水市',23),(543,271,'遵义市',23),(544,272,'安顺市',23),(545,273,'铜仁地区',23),(546,274,'毕节地区',23),(547,275,'黔西南布依族苗族自治州',23),(548,276,'黔东南苗族侗族自治州',23),(549,277,'黔南布依族苗族自治州',23),(550,278,'海口市',24),(551,279,'三亚市',24),(552,280,'五指山市',24),(553,281,'琼海市',24),(554,282,'儋州市',24),(555,283,'文昌市',24),(556,284,'万宁市',24),(557,285,'东方市',24),(558,286,'澄迈县',24),(559,287,'定安县',24),(560,288,'屯昌县',24),(561,289,'临高县',24),(562,290,'白沙黎族自治县',24),(563,291,'昌江黎族自治县',24),(564,292,'乐东黎族自治县',24),(565,293,'陵水黎族自治县',24),(566,294,'保亭黎族苗族自治县',24),(567,295,'琼中黎族苗族自治县',24),(568,296,'昆明市',25),(569,297,'曲靖市',25),(570,298,'玉溪市',25),(571,299,'保山市',25),(572,300,'昭通市',25),(573,301,'丽江市',25),(574,302,'思茅市',25),(575,303,'临沧市',25),(576,304,'文山壮族苗族自治州',25),(577,305,'红河哈尼族彝族自治州',25),(578,306,'西双版纳傣族自治州',25),(579,307,'楚雄彝族自治州',25),(580,308,'大理白族自治州',25),(581,309,'德宏傣族景颇族自治州',25),(582,310,'怒江傈傈族自治州',25),(583,311,'迪庆藏族自治州',25),(584,312,'西宁市',26),(585,313,'海东地区',26),(586,314,'海北藏族自治州',26),(587,315,'黄南藏族自治州',26),(588,316,'海南藏族自治州',26),(589,317,'果洛藏族自治州',26),(590,318,'玉树藏族自治州',26),(591,319,'海西蒙古族藏族自治州',26),(592,320,'西安市',27),(593,321,'铜川市',27),(594,322,'宝鸡市',27),(595,323,'咸阳市',27),(596,324,'渭南市',27),(597,325,'延安市',27),(598,326,'汉中市',27),(599,327,'榆林市',27),(600,328,'安康市',27),(601,329,'商洛市',27),(602,330,'南宁市',28),(603,331,'柳州市',28),(604,332,'桂林市',28),(605,333,'梧州市',28),(606,334,'北海市',28),(607,335,'防城港市',28),(608,336,'钦州市',28),(609,337,'贵港市',28),(610,338,'玉林市',28),(611,339,'百色市',28),(612,340,'贺州市',28),(613,341,'河池市',28),(614,342,'来宾市',28),(615,343,'崇左市',28),(616,344,'拉萨市',29),(617,345,'那曲地区',29),(618,346,'昌都地区',29),(619,347,'山南地区',29),(620,348,'日喀则地区',29),(621,349,'阿里地区',29),(622,350,'林芝地区',29),(623,351,'银川市',30),(624,352,'石嘴山市',30),(625,353,'吴忠市',30),(626,354,'固原市',30),(627,355,'中卫市',30),(628,356,'乌鲁木齐市',31),(629,357,'克拉玛依市',31),(630,358,'石河子市　',31),(631,359,'阿拉尔市',31),(632,360,'图木舒克市',31),(633,361,'五家渠市',31),(634,362,'吐鲁番市',31),(635,363,'阿克苏市',31),(636,364,'喀什市',31),(637,365,'哈密市',31),(638,366,'和田市',31),(639,367,'阿图什市',31),(640,368,'库尔勒市',31),(641,369,'昌吉市　',31),(642,370,'阜康市',31),(643,371,'米泉市',31),(644,372,'博乐市',31),(645,373,'伊宁市',31),(646,374,'奎屯市',31),(647,375,'塔城市',31),(648,376,'乌苏市',31),(649,377,'阿勒泰市',31),(650,378,'呼和浩特市',32),(651,379,'包头市',32),(652,380,'乌海市',32),(653,381,'赤峰市',32),(654,382,'通辽市',32),(655,383,'鄂尔多斯市',32),(656,384,'呼伦贝尔市',32),(657,385,'巴彦淖尔市',32),(658,386,'乌兰察布市',32),(659,387,'锡林郭勒盟',32),(660,388,'兴安盟',32),(661,389,'阿拉善盟',32),(662,390,'澳门特别行政区',33),(663,391,'香港特别行政区',34);
/*!40000 ALTER TABLE `adminstrator_areas` ENABLE KEYS */;
UNLOCK TABLES;

--
-- Table structure for table `adminstrator_building`
--

DROP TABLE IF EXISTS `adminstrator_building`;
/*!40101 SET @saved_cs_client     = @@character_set_client */;
/*!50503 SET character_set_client = utf8mb4 */;
CREATE TABLE `adminstrator_building` (
  `id` int NOT NULL AUTO_INCREMENT,
  `name` varchar(20) NOT NULL,
  `direct` varchar(5) NOT NULL,
  PRIMARY KEY (`id`)
) ENGINE=InnoDB AUTO_INCREMENT=14 DEFAULT CHARSET=utf8mb4 COLLATE=utf8mb4_0900_ai_ci;
/*!40101 SET character_set_client = @saved_cs_client */;

--
-- Dumping data for table `adminstrator_building`
--

LOCK TABLES `adminstrator_building` WRITE;
/*!40000 ALTER TABLE `adminstrator_building` DISABLE KEYS */;
INSERT INTO `api_building` VALUES (1,'南1','南'),(2,'南2','南'),(3,'南3','南'),(4,'南4','南'),(5,'南5','南'),(6,'空管A','南'),(7,'空管B','南'),(8,'空管C','南'),(9,'北4','北'),(10,'北10','北'),(11,'北14','北'),(12,'北25','北'),(13,'北实','北');
/*!40000 ALTER TABLE `adminstrator_building` ENABLE KEYS */;
UNLOCK TABLES;

--
-- Table structure for table `adminstrator_cities`
--

DROP TABLE IF EXISTS `adminstrator_cities`;
/*!40101 SET @saved_cs_client     = @@character_set_client */;
/*!50503 SET character_set_client = utf8mb4 */;
CREATE TABLE `adminstrator_cities` (
  `id` int NOT NULL AUTO_INCREMENT,
  `aid` int NOT NULL,
  `atitle` varchar(30) NOT NULL,
  `Province_id` int NOT NULL,
  PRIMARY KEY (`id`),
  KEY `adminstrator_cities_Province_id_2a169a05_fk_adminstra` (`Province_id`),
  CONSTRAINT `adminstrator_cities_Province_id_2a169a05_fk_adminstra` FOREIGN KEY (`Province_id`) REFERENCES `adminstrator_provinces` (`id`)
) ENGINE=InnoDB AUTO_INCREMENT=392 DEFAULT CHARSET=utf8mb4 COLLATE=utf8mb4_0900_ai_ci;
/*!40101 SET character_set_client = @saved_cs_client */;

--
-- Dumping data for table `adminstrator_cities`
--

LOCK TABLES `adminstrator_cities` WRITE;
/*!40000 ALTER TABLE `adminstrator_cities` DISABLE KEYS */;
INSERT INTO `api_cities` VALUES (1,1,'北京市',1),(2,2,'天津市',2),(3,3,'上海市',3),(4,4,'重庆市',4),(5,5,'石家庄市',5),(6,6,'唐山市',5),(7,7,'秦皇岛市',5),(8,8,'邯郸市',5),(9,9,'邢台市',5),(10,10,'保定市',5),(11,11,'张家口市',5),(12,12,'承德市',5),(13,13,'沧州市',5),(14,14,'廊坊市',5),(15,15,'衡水市',5),(16,16,'太原市',6),(17,17,'大同市',6),(18,18,'阳泉市',6),(19,19,'长治市',6),(20,20,'晋城市',6),(21,21,'朔州市',6),(22,22,'晋中市',6),(23,23,'运城市',6),(24,24,'忻州市',6),(25,25,'临汾市',6),(26,26,'吕梁市',6),(27,27,'台北市',7),(28,28,'高雄市',7),(29,29,'基隆市',7),(30,30,'台中市',7),(31,31,'台南市',7),(32,32,'新竹市',7),(33,33,'嘉义市',7),(34,34,'台北县',7),(35,35,'宜兰县',7),(36,36,'桃园县',7),(37,37,'新竹县',7),(38,38,'苗栗县',7),(39,39,'台中县',7),(40,40,'彰化县',7),(41,41,'南投县',7),(42,42,'云林县',7),(43,43,'嘉义县',7),(44,44,'台南县',7),(45,45,'高雄县',7),(46,46,'屏东县',7),(47,47,'澎湖县',7),(48,48,'台东县',7),(49,49,'花莲县',7),(50,50,'沈阳市',8),(51,51,'大连市',8),(52,52,'鞍山市',8),(53,53,'抚顺市',8),(54,54,'本溪市',8),(55,55,'丹东市',8),(56,56,'锦州市',8),(57,57,'营口市',8),(58,58,'阜新市',8),(59,59,'辽阳市',8),(60,60,'盘锦市',8),(61,61,'铁岭市',8),(62,62,'朝阳市',8),(63,63,'葫芦岛市',8),(64,64,'长春市',9),(65,65,'吉林市',9),(66,66,'四平市',9),(67,67,'辽源市',9),(68,68,'通化市',9),(69,69,'白山市',9),(70,70,'松原市',9),(71,71,'白城市',9),(72,72,'延边朝鲜族自治州',9),(73,73,'哈尔滨市',10),(74,74,'齐齐哈尔市',10),(75,75,'鹤岗市',10),(76,76,'双鸭山市',10),(77,77,'鸡西市',10),(78,78,'大庆市',10),(79,79,'伊春市',10),(80,80,'牡丹江市',10),(81,81,'佳木斯市',10),(82,82,'七台河市',10),(83,83,'黑河市',10),(84,84,'绥化市',10),(85,85,'大兴安岭地区',10),(86,86,'南京市',11),(87,87,'无锡市',11),(88,88,'徐州市',11),(89,89,'常州市',11),(90,90,'苏州市',11),(91,91,'南通市',11),(92,92,'连云港市',11),(93,93,'淮安市',11),(94,94,'盐城市',11),(95,95,'扬州市',11),(96,96,'镇江市',11),(97,97,'泰州市',11),(98,98,'宿迁市',11),(99,99,'杭州市',12),(100,100,'宁波市',12),(101,101,'温州市',12),(102,102,'嘉兴市',12),(103,103,'湖州市',12),(104,104,'绍兴市',12),(105,105,'金华市',12),(106,106,'衢州市',12),(107,107,'舟山市',12),(108,108,'台州市',12),(109,109,'丽水市',12),(110,110,'合肥市',13),(111,111,'芜湖市',13),(112,112,'蚌埠市',13),(113,113,'淮南市',13),(114,114,'马鞍山市',13),(115,115,'淮北市',13),(116,116,'铜陵市',13),(117,117,'安庆市',13),(118,118,'黄山市',13),(119,119,'滁州市',13),(120,120,'阜阳市',13),(121,121,'宿州市',13),(122,122,'巢湖市',13),(123,123,'六安市',13),(124,124,'亳州市',13),(125,125,'池州市',13),(126,126,'宣城市',13),(127,127,'福州市',14),(128,128,'厦门市',14),(129,129,'莆田市',14),(130,130,'三明市',14),(131,131,'泉州市',14),(132,132,'漳州市',14),(133,133,'南平市',14),(134,134,'龙岩市',14),(135,135,'宁德市',14),(136,136,'南昌市',15),(137,137,'景德镇市',15),(138,138,'萍乡市',15),(139,139,'九江市',15),(140,140,'新余市',15),(141,141,'鹰潭市',15),(142,142,'赣州市',15),(143,143,'吉安市',15),(144,144,'宜春市',15),(145,145,'抚州市',15),(146,146,'上饶市',15),(147,147,'济南市',16),(148,148,'青岛市',16),(149,149,'淄博市',16),(150,150,'枣庄市',16),(151,151,'东营市',16),(152,152,'烟台市',16),(153,153,'潍坊市',16),(154,154,'济宁市',16),(155,155,'泰安市',16),(156,156,'威海市',16),(157,157,'日照市',16),(158,158,'莱芜市',16),(159,159,'临沂市',16),(160,160,'德州市',16),(161,161,'聊城市',16),(162,162,'滨州市',16),(163,163,'菏泽市',16),(164,164,'郑州市',17),(165,165,'开封市',17),(166,166,'洛阳市',17),(167,167,'平顶山市',17),(168,168,'安阳市',17),(169,169,'鹤壁市',17),(170,170,'新乡市',17),(171,171,'焦作市',17),(172,172,'濮阳市',17),(173,173,'许昌市',17),(174,174,'漯河市',17),(175,175,'三门峡市',17),(176,176,'南阳市',17),(177,177,'商丘市',17),(178,178,'信阳市',17),(179,179,'周口市',17),(180,180,'驻马店市',17),(181,181,'济源市',17),(182,182,'武汉市',18),(183,183,'黄石市',18),(184,184,'十堰市',18),(185,185,'荆州市',18),(186,186,'宜昌市',18),(187,187,'襄樊市',18),(188,188,'鄂州市',18),(189,189,'荆门市',18),(190,190,'孝感市',18),(191,191,'黄冈市',18),(192,192,'咸宁市',18),(193,193,'随州市',18),(194,194,'仙桃市',18),(195,195,'天门市',18),(196,196,'潜江市',18),(197,197,'神农架林区',18),(198,198,'恩施土家族苗族自治州',18),(199,199,'长沙市',19),(200,200,'株洲市',19),(201,201,'湘潭市',19),(202,202,'衡阳市',19),(203,203,'邵阳市',19),(204,204,'岳阳市',19),(205,205,'常德市',19),(206,206,'张家界市',19),(207,207,'益阳市',19),(208,208,'郴州市',19),(209,209,'永州市',19),(210,210,'怀化市',19),(211,211,'娄底市',19),(212,212,'湘西土家族苗族自治州',19),(213,213,'广州市',20),(214,214,'深圳市',20),(215,215,'珠海市',20),(216,216,'汕头市',20),(217,217,'韶关市',20),(218,218,'佛山市',20),(219,219,'江门市',20),(220,220,'湛江市',20),(221,221,'茂名市',20),(222,222,'肇庆市',20),(223,223,'惠州市',20),(224,224,'梅州市',20),(225,225,'汕尾市',20),(226,226,'河源市',20),(227,227,'阳江市',20),(228,228,'清远市',20),(229,229,'东莞市',20),(230,230,'中山市',20),(231,231,'潮州市',20),(232,232,'揭阳市',20),(233,233,'云浮市',20),(234,234,'兰州市',21),(235,235,'金昌市',21),(236,236,'白银市',21),(237,237,'天水市',21),(238,238,'嘉峪关市',21),(239,239,'武威市',21),(240,240,'张掖市',21),(241,241,'平凉市',21),(242,242,'酒泉市',21),(243,243,'庆阳市',21),(244,244,'定西市',21),(245,245,'陇南市',21),(246,246,'临夏回族自治州',21),(247,247,'甘南藏族自治州',21),(248,248,'成都市',22),(249,249,'自贡市',22),(250,250,'攀枝花市',22),(251,251,'泸州市',22),(252,252,'德阳市',22),(253,253,'绵阳市',22),(254,254,'广元市',22),(255,255,'遂宁市',22),(256,256,'内江市',22),(257,257,'乐山市',22),(258,258,'南充市',22),(259,259,'眉山市',22),(260,260,'宜宾市',22),(261,261,'广安市',22),(262,262,'达州市',22),(263,263,'雅安市',22),(264,264,'巴中市',22),(265,265,'资阳市',22),(266,266,'阿坝藏族羌族自治州',22),(267,267,'甘孜藏族自治州',22),(268,268,'凉山彝族自治州',22),(269,269,'贵阳市',23),(270,270,'六盘水市',23),(271,271,'遵义市',23),(272,272,'安顺市',23),(273,273,'铜仁地区',23),(274,274,'毕节地区',23),(275,275,'黔西南布依族苗族自治州',23),(276,276,'黔东南苗族侗族自治州',23),(277,277,'黔南布依族苗族自治州',23),(278,278,'海口市',24),(279,279,'三亚市',24),(280,280,'五指山市',24),(281,281,'琼海市',24),(282,282,'儋州市',24),(283,283,'文昌市',24),(284,284,'万宁市',24),(285,285,'东方市',24),(286,286,'澄迈县',24),(287,287,'定安县',24),(288,288,'屯昌县',24),(289,289,'临高县',24),(290,290,'白沙黎族自治县',24),(291,291,'昌江黎族自治县',24),(292,292,'乐东黎族自治县',24),(293,293,'陵水黎族自治县',24),(294,294,'保亭黎族苗族自治县',24),(295,295,'琼中黎族苗族自治县',24),(296,296,'昆明市',25),(297,297,'曲靖市',25),(298,298,'玉溪市',25),(299,299,'保山市',25),(300,300,'昭通市',25),(301,301,'丽江市',25),(302,302,'思茅市',25),(303,303,'临沧市',25),(304,304,'文山壮族苗族自治州',25),(305,305,'红河哈尼族彝族自治州',25),(306,306,'西双版纳傣族自治州',25),(307,307,'楚雄彝族自治州',25),(308,308,'大理白族自治州',25),(309,309,'德宏傣族景颇族自治州',25),(310,310,'怒江傈傈族自治州',25),(311,311,'迪庆藏族自治州',25),(312,312,'西宁市',26),(313,313,'海东地区',26),(314,314,'海北藏族自治州',26),(315,315,'黄南藏族自治州',26),(316,316,'海南藏族自治州',26),(317,317,'果洛藏族自治州',26),(318,318,'玉树藏族自治州',26),(319,319,'海西蒙古族藏族自治州',26),(320,320,'西安市',27),(321,321,'铜川市',27),(322,322,'宝鸡市',27),(323,323,'咸阳市',27),(324,324,'渭南市',27),(325,325,'延安市',27),(326,326,'汉中市',27),(327,327,'榆林市',27),(328,328,'安康市',27),(329,329,'商洛市',27),(330,330,'南宁市',28),(331,331,'柳州市',28),(332,332,'桂林市',28),(333,333,'梧州市',28),(334,334,'北海市',28),(335,335,'防城港市',28),(336,336,'钦州市',28),(337,337,'贵港市',28),(338,338,'玉林市',28),(339,339,'百色市',28),(340,340,'贺州市',28),(341,341,'河池市',28),(342,342,'来宾市',28),(343,343,'崇左市',28),(344,344,'拉萨市',29),(345,345,'那曲地区',29),(346,346,'昌都地区',29),(347,347,'山南地区',29),(348,348,'日喀则地区',29),(349,349,'阿里地区',29),(350,350,'林芝地区',29),(351,351,'银川市',30),(352,352,'石嘴山市',30),(353,353,'吴忠市',30),(354,354,'固原市',30),(355,355,'中卫市',30),(356,356,'乌鲁木齐市',31),(357,357,'克拉玛依市',31),(358,358,'石河子市　',31),(359,359,'阿拉尔市',31),(360,360,'图木舒克市',31),(361,361,'五家渠市',31),(362,362,'吐鲁番市',31),(363,363,'阿克苏市',31),(364,364,'喀什市',31),(365,365,'哈密市',31),(366,366,'和田市',31),(367,367,'阿图什市',31),(368,368,'库尔勒市',31),(369,369,'昌吉市　',31),(370,370,'阜康市',31),(371,371,'米泉市',31),(372,372,'博乐市',31),(373,373,'伊宁市',31),(374,374,'奎屯市',31),(375,375,'塔城市',31),(376,376,'乌苏市',31),(377,377,'阿勒泰市',31),(378,378,'呼和浩特市',32),(379,379,'包头市',32),(380,380,'乌海市',32),(381,381,'赤峰市',32),(382,382,'通辽市',32),(383,383,'鄂尔多斯市',32),(384,384,'呼伦贝尔市',32),(385,385,'巴彦淖尔市',32),(386,386,'乌兰察布市',32),(387,387,'锡林郭勒盟',32),(388,388,'兴安盟',32),(389,389,'阿拉善盟',32),(390,390,'澳门特别行政区',33),(391,391,'香港特别行政区',34);
/*!40000 ALTER TABLE `adminstrator_cities` ENABLE KEYS */;
UNLOCK TABLES;

--
-- Table structure for table `adminstrator_classinfo`
--

DROP TABLE IF EXISTS `adminstrator_classinfo`;
/*!40101 SET @saved_cs_client     = @@character_set_client */;
/*!50503 SET character_set_client = utf8mb4 */;
CREATE TABLE `adminstrator_classinfo` (
  `id` int NOT NULL AUTO_INCREMENT,
  `class_id` varchar(20) NOT NULL,
  `major_id` int NOT NULL,
  PRIMARY KEY (`id`),
  UNIQUE KEY `adminstrator_classinfo_class_id_e8140212_uniq` (`class_id`),
  KEY `adminstrator_classin_major_id_d06278c6_fk_adminstra` (`major_id`),
  CONSTRAINT `adminstrator_classin_major_id_d06278c6_fk_adminstra` FOREIGN KEY (`major_id`) REFERENCES `adminstrator_majorinfo` (`id`)
) ENGINE=InnoDB AUTO_INCREMENT=3 DEFAULT CHARSET=utf8mb4 COLLATE=utf8mb4_0900_ai_ci;
/*!40101 SET character_set_client = @saved_cs_client */;

--
-- Dumping data for table `adminstrator_classinfo`
--

LOCK TABLES `adminstrator_classinfo` WRITE;
/*!40000 ALTER TABLE `adminstrator_classinfo` DISABLE KEYS */;
INSERT INTO `api_classinfo` VALUES (1,'190342A',10),(2,'190342B',10);
/*!40000 ALTER TABLE `adminstrator_classinfo` ENABLE KEYS */;
UNLOCK TABLES;

--
-- Table structure for table `adminstrator_classroom`
--

DROP TABLE IF EXISTS `adminstrator_classroom`;
/*!40101 SET @saved_cs_client     = @@character_set_client */;
/*!50503 SET character_set_client = utf8mb4 */;
CREATE TABLE `adminstrator_classroom` (
  `id` int NOT NULL AUTO_INCREMENT,
  `name` varchar(10) NOT NULL,
  `capacity` int NOT NULL,
  `function_id` int NOT NULL,
  `building_id` int NOT NULL,
  PRIMARY KEY (`id`),
  UNIQUE KEY `name` (`name`),
  KEY `adminstrator_classro_function_id_f61f0105_fk_adminstra` (`function_id`),
  KEY `adminstrator_classro_building_id_1407502e_fk_adminstra` (`building_id`),
  CONSTRAINT `adminstrator_classro_building_id_1407502e_fk_adminstra` FOREIGN KEY (`building_id`) REFERENCES `adminstrator_building` (`id`),
  CONSTRAINT `adminstrator_classro_function_id_f61f0105_fk_adminstra` FOREIGN KEY (`function_id`) REFERENCES `adminstrator_function` (`id`)
) ENGINE=InnoDB AUTO_INCREMENT=30 DEFAULT CHARSET=utf8mb4 COLLATE=utf8mb4_0900_ai_ci;
/*!40101 SET character_set_client = @saved_cs_client */;

--
-- Dumping data for table `adminstrator_classroom`
--

LOCK TABLES `adminstrator_classroom` WRITE;
/*!40000 ALTER TABLE `adminstrator_classroom` DISABLE KEYS */;
INSERT INTO `api_classroom` VALUES (1,'南3-102',140,1,3),(2,'南3-101',150,1,3),(3,'南3-108',150,1,3),(4,'南3-110',150,1,3),(5,'南3-111',300,1,3),(6,'南3-211',300,1,3),(7,'南3-201',150,1,3),(8,'南3-202',150,1,3),(9,'南3-208',150,1,3),(10,'南3-210',150,1,3),(11,'南3-301',150,1,3),(12,'南3-302',150,1,3),(13,'南3-308',150,1,3),(14,'南3-310',150,1,3),(15,'南3-401',30,1,3),(16,'南3-402',30,1,3),(17,'南4-102',30,1,4),(18,'南4-202',30,1,4),(19,'南4-302',120,1,4),(20,'南4-402',120,1,4),(21,'南4-422',120,1,4),(22,'南4-322',120,1,4),(23,'南4-222',120,1,4),(24,'南4-122',120,1,4),(25,'南4-321',60,2,4),(26,'南4-323',60,2,4),(27,'南4-415',60,2,4),(28,'南4-413',60,2,4),(29,'北实-502',60,3,13);
/*!40000 ALTER TABLE `adminstrator_classroom` ENABLE KEYS */;
UNLOCK TABLES;

--
-- Table structure for table `adminstrator_classtime`
--

DROP TABLE IF EXISTS `adminstrator_classtime`;
/*!40101 SET @saved_cs_client     = @@character_set_client */;
/*!50503 SET character_set_client = utf8mb4 */;
CREATE TABLE `adminstrator_classtime` (
  `id` int NOT NULL AUTO_INCREMENT,
  `name` varchar(30) NOT NULL,
  PRIMARY KEY (`id`)
) ENGINE=InnoDB AUTO_INCREMENT=43 DEFAULT CHARSET=utf8mb4 COLLATE=utf8mb4_0900_ai_ci;
/*!40101 SET character_set_client = @saved_cs_client */;

--
-- Dumping data for table `adminstrator_classtime`
--

LOCK TABLES `adminstrator_classtime` WRITE;
/*!40000 ALTER TABLE `adminstrator_classtime` DISABLE KEYS */;
INSERT INTO `adminstrator_classtime` VALUES (1,'周一1-2节'),(2,'周一3-4节'),(3,'周一5-6节'),(4,'周一7-8节'),(5,'周一9-10节'),(6,'周一11-12节'),(7,'周二1-2节'),(8,'周二3-4节'),(9,'周二5-6节'),(10,'周二7-8节'),(11,'周二9-10节'),(12,'周二11-12节'),(13,'周三1-2节'),(14,'周三3-4节'),(15,'周三5-6节'),(16,'周三7-8节'),(17,'周三9-10节'),(18,'周三11-12节'),(19,'周四1-2节'),(20,'周四3-4节'),(21,'周四5-6节'),(22,'周四7-8节'),(23,'周四9-10节'),(24,'周四11-12节'),(25,'周五1-2节'),(26,'周五3-4节'),(27,'周五5-6节'),(28,'周五7-8节'),(29,'周五9-10节'),(30,'周五11-12节'),(31,'周六1-2节'),(32,'周六3-4节'),(33,'周六5-6节'),(34,'周六7-8节'),(35,'周六9-10节'),(36,'周六11-12节'),(37,'周日1-2节'),(38,'周日3-4节'),(39,'周日5-6节'),(40,'周日7-8节'),(41,'周日9-10节'),(42,'周日11-12节');
/*!40000 ALTER TABLE `adminstrator_classtime` ENABLE KEYS */;
UNLOCK TABLES;

--
-- Table structure for table `adminstrator_collegeinfo`
--

DROP TABLE IF EXISTS `adminstrator_collegeinfo`;
/*!40101 SET @saved_cs_client     = @@character_set_client */;
/*!50503 SET character_set_client = utf8mb4 */;
CREATE TABLE `adminstrator_collegeinfo` (
  `id` int NOT NULL AUTO_INCREMENT,
  `college_id` int NOT NULL,
  `name` varchar(20) NOT NULL,
  PRIMARY KEY (`id`),
  UNIQUE KEY `adminstrator_collegeinfo_college_id_d74440c5_uniq` (`college_id`)
) ENGINE=InnoDB AUTO_INCREMENT=17 DEFAULT CHARSET=utf8mb4 COLLATE=utf8mb4_0900_ai_ci;
/*!40101 SET character_set_client = @saved_cs_client */;

--
-- Dumping data for table `adminstrator_collegeinfo`
--

LOCK TABLES `adminstrator_collegeinfo` WRITE;
/*!40000 ALTER TABLE `adminstrator_collegeinfo` DISABLE KEYS */;
INSERT INTO `api_collegeinfo` VALUES (1,1,'航空工程学院'),(2,11,'电子信息与自动化学院'),(4,3,'计算机科学与技术学院'),(5,6,'外国语学院'),(6,4,'空中交通管理学院'),(7,5,'经济与管理学院'),(8,7,'机场学院'),(9,2,'理学院'),(10,8,'法学院'),(11,9,'体育特长生'),(12,13,'飞行技术学院'),(13,60,'中欧航空工程师'),(14,80,'职业技术学院'),(15,81,'乘务学院');
/*!40000 ALTER TABLE `adminstrator_collegeinfo` ENABLE KEYS */;
UNLOCK TABLES;

--
-- Table structure for table `adminstrator_collegeinfo4tc`
--

DROP TABLE IF EXISTS `adminstrator_collegeinfo4tc`;
/*!40101 SET @saved_cs_client     = @@character_set_client */;
/*!50503 SET character_set_client = utf8mb4 */;
CREATE TABLE `adminstrator_collegeinfo4tc` (
  `id` int NOT NULL AUTO_INCREMENT,
  `college_id` int NOT NULL,
  `name` varchar(20) NOT NULL,
  PRIMARY KEY (`id`),
  UNIQUE KEY `college_id` (`college_id`)
) ENGINE=InnoDB AUTO_INCREMENT=17 DEFAULT CHARSET=utf8mb4 COLLATE=utf8mb4_0900_ai_ci;
/*!40101 SET character_set_client = @saved_cs_client */;

--
-- Dumping data for table `adminstrator_collegeinfo4tc`
--

LOCK TABLES `adminstrator_collegeinfo4tc` WRITE;
/*!40000 ALTER TABLE `adminstrator_collegeinfo4tc` DISABLE KEYS */;
INSERT INTO `api_collegeinfo4tc` VALUES (1,1,'航空工程学院'),(2,11,'电子信息与自动化学院'),(4,3,'计算机科学与技术学院'),(5,6,'外国语学院'),(6,4,'空中交通管理学院'),(7,5,'经济与管理学院'),(8,7,'机场学院'),(9,2,'理学院'),(10,8,'法学院'),(11,9,'体育特长生'),(12,13,'飞行技术学院'),(13,60,'中欧航空工程师'),(14,80,'职业技术学院'),(15,81,'乘务学院'),(16,101,'工程技术训练中心');
/*!40000 ALTER TABLE `adminstrator_collegeinfo4tc` ENABLE KEYS */;
UNLOCK TABLES;

--
-- Table structure for table `adminstrator_countries`
--

DROP TABLE IF EXISTS `adminstrator_countries`;
/*!40101 SET @saved_cs_client     = @@character_set_client */;
/*!50503 SET character_set_client = utf8mb4 */;
CREATE TABLE `adminstrator_countries` (
  `id` int NOT NULL AUTO_INCREMENT,
  `aid` int NOT NULL,
  `atitle` varchar(30) NOT NULL,
  PRIMARY KEY (`id`)
) ENGINE=InnoDB AUTO_INCREMENT=241 DEFAULT CHARSET=utf8mb4 COLLATE=utf8mb4_0900_ai_ci;
/*!40101 SET character_set_client = @saved_cs_client */;

--
-- Dumping data for table `adminstrator_countries`
--

LOCK TABLES `adminstrator_countries` WRITE;
/*!40000 ALTER TABLE `adminstrator_countries` DISABLE KEYS */;
INSERT INTO `api_countries` VALUES (1,1,'中华人民共和国'),(2,2,'阿尔巴尼亚'),(3,3,'阿尔及利亚'),(4,4,'阿富汗'),(5,5,'阿根廷'),(6,6,'阿拉伯联合酋长国'),(7,7,'阿鲁巴'),(8,8,'阿曼'),(9,9,'阿塞拜疆'),(10,10,'阿森松岛'),(11,11,'埃及'),(12,12,'埃塞俄比亚'),(13,13,'爱尔兰'),(14,14,'爱沙尼亚'),(15,15,'安道尔'),(16,16,'安哥拉'),(17,17,'安圭拉'),(18,18,'安提瓜岛和巴布达'),(19,19,'奥地利'),(20,20,'奥兰群岛'),(21,21,'澳大利亚'),(22,22,'巴巴多斯岛'),(23,23,'巴布亚新几内亚'),(24,24,'巴哈马'),(25,25,'巴基斯坦'),(26,26,'巴拉圭'),(27,27,'巴勒斯坦'),(28,28,'巴林'),(29,29,'巴拿马'),(30,30,'巴西'),(31,31,'白俄罗斯'),(32,32,'百慕大'),(33,33,'保加利亚'),(34,34,'北马里亚纳群岛'),(35,35,'贝宁'),(36,36,'比利时'),(37,37,'冰岛'),(38,38,'波多黎各'),(39,39,'波兰'),(40,40,'波斯尼亚和黑塞哥维那'),(41,41,'玻利维亚'),(42,42,'伯利兹'),(43,43,'博茨瓦纳'),(44,44,'不丹'),(45,45,'布基纳法索'),(46,46,'布隆迪'),(47,47,'布韦岛'),(48,48,'朝鲜'),(49,49,'丹麦'),(50,50,'德国'),(51,51,'东帝汶'),(52,52,'多哥'),(53,53,'多米尼加'),(54,54,'多米尼加共和国'),(55,55,'俄罗斯'),(56,56,'厄瓜多尔'),(57,57,'厄立特里亚'),(58,58,'法国'),(59,59,'法罗群岛'),(60,60,'法属波利尼西亚'),(61,61,'法属圭亚那'),(62,62,'法属南部领地'),(63,63,'梵蒂冈'),(64,64,'菲律宾'),(65,65,'斐济'),(66,66,'芬兰'),(67,67,'佛得角'),(68,68,'弗兰克群岛'),(69,69,'冈比亚'),(70,70,'刚果'),(71,71,'刚果民主共和国'),(72,72,'哥伦比亚'),(73,73,'哥斯达黎加'),(74,74,'格恩西岛'),(75,75,'格林纳达'),(76,76,'格陵兰'),(77,77,'古巴'),(78,78,'瓜德罗普'),(79,79,'关岛'),(80,80,'圭亚那'),(81,81,'哈萨克斯坦'),(82,82,'海地'),(83,83,'韩国'),(84,84,'荷兰'),(85,85,'荷属安地列斯'),(86,86,'赫德和麦克唐纳群岛'),(87,87,'洪都拉斯'),(88,88,'基里巴斯'),(89,89,'吉布提'),(90,90,'吉尔吉斯斯坦'),(91,91,'几内亚'),(92,92,'几内亚比绍'),(93,93,'加拿大'),(94,94,'加纳'),(95,95,'加蓬'),(96,96,'柬埔寨'),(97,97,'捷克共和国'),(98,98,'津巴布韦'),(99,99,'喀麦隆'),(100,100,'卡塔尔'),(101,101,'开曼群岛'),(102,102,'科科斯群岛'),(103,103,'科摩罗'),(104,104,'科特迪瓦'),(105,105,'科威特'),(106,106,'克罗地亚'),(107,107,'肯尼亚'),(108,108,'库克群岛'),(109,109,'拉脱维亚'),(110,110,'莱索托'),(111,111,'老挝'),(112,112,'黎巴嫩'),(113,113,'立陶宛'),(114,114,'利比里亚'),(115,115,'利比亚'),(116,116,'列支敦士登'),(117,117,'留尼旺岛'),(118,118,'卢森堡'),(119,119,'卢旺达'),(120,120,'罗马尼亚'),(121,121,'马达加斯加'),(122,122,'马尔代夫'),(123,123,'马耳他'),(124,124,'马拉维'),(125,125,'马来西亚'),(126,126,'马里'),(127,127,'马其顿'),(128,128,'马绍尔群岛'),(129,129,'马提尼克'),(130,130,'马约特岛'),(131,131,'曼岛'),(132,132,'毛里求斯'),(133,133,'毛里塔尼亚'),(134,134,'美国'),(135,135,'美属萨摩亚'),(136,136,'美属外岛'),(137,137,'蒙古'),(138,138,'蒙特塞拉特'),(139,139,'孟加拉'),(140,140,'秘鲁'),(141,141,'密克罗尼西亚'),(142,142,'缅甸'),(143,143,'摩尔多瓦'),(144,144,'摩洛哥'),(145,145,'摩纳哥'),(146,146,'莫桑比克'),(147,147,'墨西哥'),(148,148,'纳米比亚'),(149,149,'南非'),(150,150,'南极洲'),(151,151,'南乔治亚和南桑德威奇群岛'),(152,152,'瑙鲁'),(153,153,'尼泊尔'),(154,154,'尼加拉瓜'),(155,155,'尼日尔'),(156,156,'尼日利亚'),(157,157,'纽埃'),(158,158,'挪威'),(159,159,'诺福克'),(160,160,'帕劳群岛'),(161,161,'皮特凯恩'),(162,162,'葡萄牙'),(163,163,'乔治亚'),(164,164,'日本'),(165,165,'瑞典'),(166,166,'瑞士'),(167,167,'萨尔瓦多'),(168,168,'萨摩亚'),(169,169,'塞尔维亚,黑山'),(170,170,'塞拉利昂'),(171,171,'塞内加尔'),(172,172,'塞浦路斯'),(173,173,'塞舌尔'),(174,174,'沙特阿拉伯'),(175,175,'圣诞岛'),(176,176,'圣多美和普林西比'),(177,177,'圣赫勒拿'),(178,178,'圣基茨和尼维斯'),(179,179,'圣卢西亚'),(180,180,'圣马力诺'),(181,181,'圣皮埃尔和米克隆群岛'),(182,182,'圣文森特和格林纳丁斯'),(183,183,'斯里兰卡'),(184,184,'斯洛伐克'),(185,185,'斯洛文尼亚'),(186,186,'斯瓦尔巴和扬马廷'),(187,187,'斯威士兰'),(188,188,'苏丹'),(189,189,'苏里南'),(190,190,'所罗门群岛'),(191,191,'索马里'),(192,192,'塔吉克斯坦'),(193,193,'泰国'),(194,194,'坦桑尼亚'),(195,195,'汤加'),(196,196,'特克斯和凯克特斯群岛'),(197,197,'特里斯坦达昆哈'),(198,198,'特立尼达和多巴哥'),(199,199,'突尼斯'),(200,200,'图瓦卢'),(201,201,'土耳其'),(202,202,'土库曼斯坦'),(203,203,'托克劳'),(204,204,'瓦利斯和福图纳'),(205,205,'瓦努阿图'),(206,206,'危地马拉'),(207,207,'维尔京群岛，美属'),(208,208,'维尔京群岛，英属'),(209,209,'委内瑞拉'),(210,210,'文莱'),(211,211,'乌干达'),(212,212,'乌克兰'),(213,213,'乌拉圭'),(214,214,'乌兹别克斯坦'),(215,215,'西班牙'),(216,216,'希腊'),(217,217,'新加坡'),(218,218,'新喀里多尼亚'),(219,219,'新西兰'),(220,220,'匈牙利'),(221,221,'叙利亚'),(222,222,'牙买加'),(223,223,'亚美尼亚'),(224,224,'也门'),(225,225,'伊拉克'),(226,226,'伊朗'),(227,227,'以色列'),(228,228,'意大利'),(229,229,'印度'),(230,230,'印度尼西亚'),(231,231,'英国'),(232,232,'英属印度洋领地'),(233,233,'约旦'),(234,234,'越南'),(235,235,'赞比亚'),(236,236,'泽西岛'),(237,237,'乍得'),(238,238,'直布罗陀'),(239,239,'智利'),(240,240,'中非共和国');
/*!40000 ALTER TABLE `adminstrator_countries` ENABLE KEYS */;
UNLOCK TABLES;

--
-- Table structure for table `adminstrator_course`
--

DROP TABLE IF EXISTS `adminstrator_course`;
/*!40101 SET @saved_cs_client     = @@character_set_client */;
/*!50503 SET character_set_client = utf8mb4 */;
CREATE TABLE `adminstrator_course` (
  `id` int NOT NULL AUTO_INCREMENT,
  `cou_id` varchar(10) NOT NULL,
  `name` varchar(10) NOT NULL,
  `classhour` int NOT NULL,
  `credit` double NOT NULL,
  `college_id` int NOT NULL,
  `betyear` int NOT NULL,
  `elective` tinyint(1) NOT NULL,
  `priority` int NOT NULL,
  `function_id` int NOT NULL,
  `hourperweek` double NOT NULL,
  `pre_course_id` int NOT NULL,
  PRIMARY KEY (`id`),
  UNIQUE KEY `cou_id` (`cou_id`),
  UNIQUE KEY `name` (`name`),
  KEY `adminstrator_course_college_id_a17f7287` (`college_id`),
  KEY `adminstrator_course_function_id_71ec7c4c_fk_adminstra` (`function_id`),
  KEY `adminstrator_course_pre_course_id_f1f8608b_fk_adminstra` (`pre_course_id`),
  CONSTRAINT `adminstrator_course_function_id_71ec7c4c_fk_adminstra` FOREIGN KEY (`function_id`) REFERENCES `adminstrator_function` (`id`),
  CONSTRAINT `adminstrator_course_pre_course_id_f1f8608b_fk_adminstra` FOREIGN KEY (`pre_course_id`) REFERENCES `adminstrator_course` (`id`)
) ENGINE=InnoDB AUTO_INCREMENT=15 DEFAULT CHARSET=utf8mb4 COLLATE=utf8mb4_0900_ai_ci;
/*!40101 SET character_set_client = @saved_cs_client */;

--
-- Dumping data for table `adminstrator_course`
--

LOCK TABLES `adminstrator_course` WRITE;
/*!40000 ALTER TABLE `adminstrator_course` DISABLE KEYS */;
INSERT INTO `adminstrator_course` VALUES (0,'0','',0,0,0,0,0,0,0,0,0),(1,'02401501','高等数学',84,5,9,2,0,1,1,6,1),(2,'03402025','数据库系统原理',54,3,4,4,0,1,1,3,1),(3,'03401003','离散数学',72,4,4,2,0,1,1,4,1),(4,'03421004','应用密码学',72,4,4,3,0,1,1,2,3),(5,'03424002','密码学课程设计',20,1,4,4,0,1,4,1,4),(6,'03404019','数据库系统课程设计',40,2,4,4,0,1,4,2,2),(7,'03406006','数字逻辑',46,2.5,4,4,0,1,1,2,3),(9,'06412003','大学英语(1)',54,3,5,1,0,1,1,2,0),(10,'06412004','大学英语(2)',54,3,5,2,0,1,1,2,9),(11,'06412005','大学英语(3)',54,3,5,3,0,1,1,2,10),(12,'06412006','大学英语(4)',54,3,5,4,0,1,1,2,11),(13,'50403016','数字逻辑实验',20,1,16,4,0,1,3,2,7),(14,'1','1',1,1,14,1,1,1,3,1,1);
/*!40000 ALTER TABLE `adminstrator_course` ENABLE KEYS */;
UNLOCK TABLES;

--
-- Table structure for table `adminstrator_function`
--

DROP TABLE IF EXISTS `adminstrator_function`;
/*!40101 SET @saved_cs_client     = @@character_set_client */;
/*!50503 SET character_set_client = utf8mb4 */;
CREATE TABLE `adminstrator_function` (
  `id` int NOT NULL AUTO_INCREMENT,
  `name` varchar(10) NOT NULL,
  PRIMARY KEY (`id`),
  UNIQUE KEY `name` (`name`)
) ENGINE=InnoDB AUTO_INCREMENT=5 DEFAULT CHARSET=utf8mb4 COLLATE=utf8mb4_0900_ai_ci;
/*!40101 SET character_set_client = @saved_cs_client */;

--
-- Dumping data for table `adminstrator_function`
--

LOCK TABLES `adminstrator_function` WRITE;
/*!40000 ALTER TABLE `adminstrator_function` DISABLE KEYS */;
INSERT INTO `api_function` VALUES (1,'普通'),(2,'上机'),(3,'实验'),(4,'实践');
/*!40000 ALTER TABLE `adminstrator_function` ENABLE KEYS */;
UNLOCK TABLES;

--
-- Table structure for table `adminstrator_majorinfo`
--

DROP TABLE IF EXISTS `adminstrator_majorinfo`;
/*!40101 SET @saved_cs_client     = @@character_set_client */;
/*!50503 SET character_set_client = utf8mb4 */;
CREATE TABLE `adminstrator_majorinfo` (
  `id` int NOT NULL AUTO_INCREMENT,
  `major_id` int NOT NULL,
  `name` varchar(20) NOT NULL,
  `college_id` int NOT NULL,
  PRIMARY KEY (`id`),
  KEY `adminstrator_majorin_college_id_a006d8e8_fk_adminstra` (`college_id`),
  CONSTRAINT `adminstrator_majorin_college_id_a006d8e8_fk_adminstra` FOREIGN KEY (`college_id`) REFERENCES `adminstrator_collegeinfo` (`id`)
) ENGINE=InnoDB AUTO_INCREMENT=13 DEFAULT CHARSET=utf8mb4 COLLATE=utf8mb4_0900_ai_ci;
/*!40101 SET character_set_client = @saved_cs_client */;

--
-- Dumping data for table `adminstrator_majorinfo`
--

LOCK TABLES `adminstrator_majorinfo` WRITE;
/*!40000 ALTER TABLE `adminstrator_majorinfo` DISABLE KEYS */;
INSERT INTO `api_majorinfo` VALUES (1,1,'飞行器动力工程',1),(2,2,'飞行器制造工程',1),(3,3,'工业工程',1),(4,4,'机械电子工程',1),(5,5,'航空电子',2),(6,6,'通信工程',2),(7,7,'航空电气',2),(8,8,'自动化',2),(9,9,'计算机科学与技术',4),(10,10,'信息安全',4);
/*!40000 ALTER TABLE `adminstrator_majorinfo` ENABLE KEYS */;
UNLOCK TABLES;

--
-- Table structure for table `adminstrator_majorinfo_course`
--

DROP TABLE IF EXISTS `adminstrator_majorinfo_course`;
/*!40101 SET @saved_cs_client     = @@character_set_client */;
/*!50503 SET character_set_client = utf8mb4 */;
CREATE TABLE `adminstrator_majorinfo_course` (
  `id` int NOT NULL AUTO_INCREMENT,
  `majorinfo_id` int NOT NULL,
  `course_id` int NOT NULL,
  PRIMARY KEY (`id`),
  UNIQUE KEY `adminstrator_majorinfo_c_majorinfo_id_course_id_6ce81591_uniq` (`majorinfo_id`,`course_id`),
  KEY `adminstrator_majorin_course_id_eafcad1a_fk_adminstra` (`course_id`),
  CONSTRAINT `adminstrator_majorin_course_id_eafcad1a_fk_adminstra` FOREIGN KEY (`course_id`) REFERENCES `adminstrator_course` (`id`),
  CONSTRAINT `adminstrator_majorin_majorinfo_id_0c5a9d02_fk_adminstra` FOREIGN KEY (`majorinfo_id`) REFERENCES `adminstrator_majorinfo` (`id`)
) ENGINE=InnoDB DEFAULT CHARSET=utf8mb4 COLLATE=utf8mb4_0900_ai_ci;
/*!40101 SET character_set_client = @saved_cs_client */;

--
-- Dumping data for table `adminstrator_majorinfo_course`
--

LOCK TABLES `adminstrator_majorinfo_course` WRITE;
/*!40000 ALTER TABLE `adminstrator_majorinfo_course` DISABLE KEYS */;
/*!40000 ALTER TABLE `adminstrator_majorinfo_course` ENABLE KEYS */;
UNLOCK TABLES;

--
-- Table structure for table `adminstrator_message`
--

DROP TABLE IF EXISTS `adminstrator_message`;
/*!40101 SET @saved_cs_client     = @@character_set_client */;
/*!50503 SET character_set_client = utf8mb4 */;
CREATE TABLE `adminstrator_message` (
  `id` int NOT NULL AUTO_INCREMENT,
  `title` varchar(50) NOT NULL,
  `content` varchar(1000) DEFAULT NULL,
  `gettime` datetime(6) NOT NULL,
  `finishtime` datetime(6) NOT NULL,
  `isFinished` int NOT NULL,
  `admin_id` int DEFAULT NULL,
  `student_id` int DEFAULT NULL,
  `teacher_id` int DEFAULT NULL,
  `fromwho` varchar(30) NOT NULL,
  `result` varchar(30) NOT NULL,
  PRIMARY KEY (`id`),
  KEY `adminstrator_message_admin_id_18c1ca96_fk_adminstra` (`admin_id`),
  KEY `adminstrator_message_student_id_6b95687d_fk_adminstra` (`student_id`),
  KEY `adminstrator_message_teacher_id_15443696_fk_adminstra` (`teacher_id`),
  CONSTRAINT `adminstrator_message_admin_id_18c1ca96_fk_adminstra` FOREIGN KEY (`admin_id`) REFERENCES `adminstrator_admininfo` (`id`),
  CONSTRAINT `adminstrator_message_student_id_6b95687d_fk_adminstra` FOREIGN KEY (`student_id`) REFERENCES `adminstrator_studentinfo` (`id`),
  CONSTRAINT `adminstrator_message_teacher_id_15443696_fk_adminstra` FOREIGN KEY (`teacher_id`) REFERENCES `adminstrator_teacherinfo` (`id`)
) ENGINE=InnoDB AUTO_INCREMENT=15 DEFAULT CHARSET=utf8mb4 COLLATE=utf8mb4_0900_ai_ci;
/*!40101 SET character_set_client = @saved_cs_client */;

--
-- Dumping data for table `adminstrator_message`
--

LOCK TABLES `adminstrator_message` WRITE;
/*!40000 ALTER TABLE `adminstrator_message` DISABLE KEYS */;
INSERT INTO `adminstrator_message` VALUES (1,'修改密码申请',NULL,'2021-05-14 00:00:00.000000','2021-05-14 00:00:00.000000',1,1,5,NULL,'student','驳回'),(2,'修改密码申请',NULL,'2021-05-14 00:00:00.000000','2021-05-14 00:00:00.000000',0,1,5,NULL,'student','none'),(3,'修改密码申请',NULL,'2021-05-14 00:00:00.000000','2021-05-14 00:00:00.000000',0,1,5,NULL,'student','none'),(4,'修改密码申请',NULL,'2021-05-14 00:00:00.000000','2021-05-14 00:00:00.000000',0,1,5,NULL,'student','none'),(5,'修改密码申请',NULL,'2021-05-14 00:00:00.000000','2021-05-14 00:00:00.000000',0,1,5,NULL,'student','none'),(6,'修改密码申请',NULL,'2021-05-14 00:00:00.000000','2021-05-14 00:00:00.000000',0,1,5,NULL,'student','none'),(7,'修改密码申请',NULL,'2021-05-14 11:14:05.707586','2021-05-14 11:14:05.707594',0,1,5,NULL,'student','none'),(8,'修改密码申请',NULL,'2021-05-14 11:42:27.097460','2021-05-14 11:42:27.097468',0,1,5,NULL,'student','none'),(9,'修改密码申请',NULL,'2021-05-14 12:02:51.827819','2021-05-14 12:02:51.837927',1,1,5,NULL,'student','none'),(10,'修改密码申请',NULL,'2021-05-14 14:11:25.666886','2021-05-14 14:11:25.683970',0,1,5,NULL,'student','none'),(11,'修改密码申请',NULL,'2021-05-14 18:24:06.683993','2021-05-14 18:24:06.684004',0,1,3,NULL,'student','none'),(12,'修改密码申请',NULL,'2021-05-15 05:59:57.698526','2021-05-15 05:59:57.698535',0,1,5,NULL,'student','none'),(13,'修改密码申请',NULL,'2021-05-17 02:46:22.808996','2021-05-17 02:46:22.809004',0,1,5,NULL,'student','none'),(14,'修改密码申请',NULL,'2021-05-17 02:48:16.605507','2021-05-17 02:48:16.605516',0,1,5,NULL,'student','none');
/*!40000 ALTER TABLE `adminstrator_message` ENABLE KEYS */;
UNLOCK TABLES;

--
-- Table structure for table `adminstrator_outlook`
--

DROP TABLE IF EXISTS `adminstrator_outlook`;
/*!40101 SET @saved_cs_client     = @@character_set_client */;
/*!50503 SET character_set_client = utf8mb4 */;
CREATE TABLE `adminstrator_outlook` (
  `id` int NOT NULL AUTO_INCREMENT,
  `name` varchar(30) NOT NULL,
  PRIMARY KEY (`id`)
) ENGINE=InnoDB AUTO_INCREMENT=14 DEFAULT CHARSET=utf8mb4 COLLATE=utf8mb4_0900_ai_ci;
/*!40101 SET character_set_client = @saved_cs_client */;

--
-- Dumping data for table `adminstrator_outlook`
--

LOCK TABLES `adminstrator_outlook` WRITE;
/*!40000 ALTER TABLE `adminstrator_outlook` DISABLE KEYS */;
INSERT INTO `adminstrator_outlook` VALUES (1,'中共党员'),(2,'中共预备党员'),(3,'共青团员'),(4,'民革党员'),(5,'民盟盟员'),(6,'民建会员'),(7,'民进会员'),(8,'农工党党员'),(9,'致公党党员'),(10,'九三学社社员'),(11,'台盟盟员'),(12,'无党派人士'),(13,'群众');
/*!40000 ALTER TABLE `adminstrator_outlook` ENABLE KEYS */;
UNLOCK TABLES;

--
-- Table structure for table `adminstrator_provinces`
--

DROP TABLE IF EXISTS `adminstrator_provinces`;
/*!40101 SET @saved_cs_client     = @@character_set_client */;
/*!50503 SET character_set_client = utf8mb4 */;
CREATE TABLE `adminstrator_provinces` (
  `id` int NOT NULL AUTO_INCREMENT,
  `aid` int NOT NULL,
  `atitle` varchar(30) NOT NULL,
  `Country_id` int NOT NULL,
  PRIMARY KEY (`id`),
  KEY `adminstrator_provinc_Country_id_e1a41b9b_fk_adminstra` (`Country_id`),
  CONSTRAINT `adminstrator_provinc_Country_id_e1a41b9b_fk_adminstra` FOREIGN KEY (`Country_id`) REFERENCES `adminstrator_countries` (`id`)
) ENGINE=InnoDB AUTO_INCREMENT=35 DEFAULT CHARSET=utf8mb4 COLLATE=utf8mb4_0900_ai_ci;
/*!40101 SET character_set_client = @saved_cs_client */;

--
-- Dumping data for table `adminstrator_provinces`
--

LOCK TABLES `adminstrator_provinces` WRITE;
/*!40000 ALTER TABLE `adminstrator_provinces` DISABLE KEYS */;
INSERT INTO `api_provinces` VALUES (1,1,'北京市',1),(2,2,'天津市',1),(3,3,'上海市',1),(4,4,'重庆市',1),(5,5,'河北省',1),(6,6,'山西省',1),(7,7,'台湾省',1),(8,8,'辽宁省',1),(9,9,'吉林省',1),(10,10,'黑龙江省',1),(11,11,'江苏省',1),(12,12,'浙江省',1),(13,13,'安徽省',1),(14,14,'福建省',1),(15,15,'江西省',1),(16,16,'山东省',1),(17,17,'河南省',1),(18,18,'湖北省',1),(19,19,'湖南省',1),(20,20,'广东省',1),(21,21,'甘肃省',1),(22,22,'四川省',1),(23,23,'贵州省',1),(24,24,'海南省',1),(25,25,'云南省',1),(26,26,'青海省',1),(27,27,'陕西省',1),(28,28,'广西壮族自治区',1),(29,29,'西藏自治区',1),(30,30,'宁夏回族自治区',1),(31,31,'新疆维吾尔自治区',1),(32,32,'内蒙古自治区',1),(33,33,'澳门特别行政区',1),(34,34,'香港特别行政区',1);
/*!40000 ALTER TABLE `adminstrator_provinces` ENABLE KEYS */;
UNLOCK TABLES;

--
-- Table structure for table `adminstrator_results`
--

DROP TABLE IF EXISTS `adminstrator_results`;
/*!40101 SET @saved_cs_client     = @@character_set_client */;
/*!50503 SET character_set_client = utf8mb4 */;
CREATE TABLE `adminstrator_results` (
  `id` int NOT NULL AUTO_INCREMENT,
  `result` int NOT NULL,
  `examtime` date NOT NULL,
  `course_id` int NOT NULL,
  `student_id` int NOT NULL,
  `teacher_id` int NOT NULL,
  PRIMARY KEY (`id`),
  KEY `adminstrator_results_course_id_16189187_fk_adminstra` (`course_id`),
  KEY `adminstrator_results_student_id_0a6c070a_fk_adminstra` (`student_id`),
  KEY `adminstrator_results_teacher_id_df032f25_fk_adminstra` (`teacher_id`),
  CONSTRAINT `adminstrator_results_course_id_16189187_fk_adminstra` FOREIGN KEY (`course_id`) REFERENCES `adminstrator_course` (`id`),
  CONSTRAINT `adminstrator_results_student_id_0a6c070a_fk_adminstra` FOREIGN KEY (`student_id`) REFERENCES `adminstrator_studentinfo` (`id`),
  CONSTRAINT `adminstrator_results_teacher_id_df032f25_fk_adminstra` FOREIGN KEY (`teacher_id`) REFERENCES `adminstrator_teacherinfo` (`id`)
) ENGINE=InnoDB DEFAULT CHARSET=utf8mb4 COLLATE=utf8mb4_0900_ai_ci;
/*!40101 SET character_set_client = @saved_cs_client */;

--
-- Dumping data for table `adminstrator_results`
--

LOCK TABLES `adminstrator_results` WRITE;
/*!40000 ALTER TABLE `adminstrator_results` DISABLE KEYS */;
/*!40000 ALTER TABLE `adminstrator_results` ENABLE KEYS */;
UNLOCK TABLES;

--
-- Table structure for table `adminstrator_student2course`
--

DROP TABLE IF EXISTS `adminstrator_student2course`;
/*!40101 SET @saved_cs_client     = @@character_set_client */;
/*!50503 SET character_set_client = utf8mb4 */;
CREATE TABLE `adminstrator_student2course` (
  `id` int NOT NULL AUTO_INCREMENT,
  `isfinished` tinyint(1) NOT NULL,
  `course_id_id` int NOT NULL,
  `student_id_id` int NOT NULL,
  PRIMARY KEY (`id`),
  KEY `adminstrator_student_course_id_id_22a42741_fk_adminstra` (`course_id_id`),
  KEY `adminstrator_student_student_id_id_49afee39_fk_adminstra` (`student_id_id`),
  CONSTRAINT `adminstrator_student_course_id_id_22a42741_fk_adminstra` FOREIGN KEY (`course_id_id`) REFERENCES `adminstrator_course` (`id`),
  CONSTRAINT `adminstrator_student_student_id_id_49afee39_fk_adminstra` FOREIGN KEY (`student_id_id`) REFERENCES `adminstrator_studentinfo` (`id`)
) ENGINE=InnoDB DEFAULT CHARSET=utf8mb4 COLLATE=utf8mb4_0900_ai_ci;
/*!40101 SET character_set_client = @saved_cs_client */;

--
-- Dumping data for table `adminstrator_student2course`
--

LOCK TABLES `adminstrator_student2course` WRITE;
/*!40000 ALTER TABLE `adminstrator_student2course` DISABLE KEYS */;
/*!40000 ALTER TABLE `adminstrator_student2course` ENABLE KEYS */;
UNLOCK TABLES;

--
-- Table structure for table `adminstrator_studentinfo`
--

DROP TABLE IF EXISTS `adminstrator_studentinfo`;
/*!40101 SET @saved_cs_client     = @@character_set_client */;
/*!50503 SET character_set_client = utf8mb4 */;
CREATE TABLE `adminstrator_studentinfo` (
  `id` int NOT NULL AUTO_INCREMENT,
  `stu_id` varchar(20) NOT NULL,
  `password` varchar(50) NOT NULL,
  `name` varchar(20) NOT NULL,
  `birthday` date NOT NULL,
  `IDnumber` varchar(20) NOT NULL,
  `sex` varchar(5) NOT NULL,
  `entryTime` date NOT NULL,
  `grade` int NOT NULL,
  `nation` int NOT NULL,
  `Class_id` int NOT NULL,
  `native_id` int NOT NULL,
  `outlook_id` int NOT NULL,
  `credit` double NOT NULL,
  PRIMARY KEY (`id`),
  UNIQUE KEY `stu_id` (`stu_id`),
  KEY `adminstrator_student_Class_id_606706e0_fk_adminstra` (`Class_id`),
  KEY `adminstrator_student_native_id_9242e6ed_fk_adminstra` (`native_id`),
  KEY `adminstrator_student_outlook_id_9fc56cd6_fk_adminstra` (`outlook_id`),
  CONSTRAINT `adminstrator_student_Class_id_606706e0_fk_adminstra` FOREIGN KEY (`Class_id`) REFERENCES `adminstrator_classinfo` (`id`),
  CONSTRAINT `adminstrator_student_native_id_9242e6ed_fk_adminstra` FOREIGN KEY (`native_id`) REFERENCES `adminstrator_cities` (`id`),
  CONSTRAINT `adminstrator_student_outlook_id_9fc56cd6_fk_adminstra` FOREIGN KEY (`outlook_id`) REFERENCES `adminstrator_outlook` (`id`)
) ENGINE=InnoDB AUTO_INCREMENT=10 DEFAULT CHARSET=utf8mb4 COLLATE=utf8mb4_0900_ai_ci;
/*!40101 SET character_set_client = @saved_cs_client */;

--
-- Dumping data for table `adminstrator_studentinfo`
--

LOCK TABLES `adminstrator_studentinfo` WRITE;
/*!40000 ALTER TABLE `adminstrator_studentinfo` DISABLE KEYS */;
INSERT INTO `api_studentinfo` VALUES (2,'190342209','123456','金泽萱','2000-06-12','123456789123456789','男','2021-05-13',2,1,2,356,3,0),(3,'190342205','123456','郭江鑫','2000-01-01','123456789123456789','男','2021-05-11',2,1,2,386,3,0),(4,'190342236','123456','狗子哥','2021-05-01','1234567890123456','男','2021-05-11',2,1,2,112,3,0),(5,'190146841','zoujiaxv7891','邹嘉旭','2001-06-13','220106200106139416','男','2021-05-13',3,1,2,64,3,0),(7,'190342229','123456','魏萌萌','2021-05-06','1234567890123456','女','2021-05-10',2,1,2,381,3,0),(8,'1','1','1','2021-05-04','1','男','2021-05-10',2,1,2,1,3,0),(9,'12','1','3','2001-06-13','4','女','2021-05-28',6,1,1,1,4,0);
/*!40000 ALTER TABLE `adminstrator_studentinfo` ENABLE KEYS */;
UNLOCK TABLES;

--
-- Table structure for table `adminstrator_teacher2time`
--

DROP TABLE IF EXISTS `adminstrator_teacher2time`;
/*!40101 SET @saved_cs_client     = @@character_set_client */;
/*!50503 SET character_set_client = utf8mb4 */;
CREATE TABLE `adminstrator_teacher2time` (
  `id` int NOT NULL AUTO_INCREMENT,
  `classroom_id` int NOT NULL,
  `course_id_id` int NOT NULL,
  `teacher_id_id` int NOT NULL,
  `time_id_id` int NOT NULL,
  PRIMARY KEY (`id`),
  KEY `adminstrator_teacher_classroom_id_bc2d8cfe_fk_adminstra` (`classroom_id`),
  KEY `adminstrator_teacher_course_id_id_52d3afdf_fk_adminstra` (`course_id_id`),
  KEY `adminstrator_teacher_teacher_id_id_562b2555_fk_adminstra` (`teacher_id_id`),
  KEY `adminstrator_teacher_time_id_id_ebde3342_fk_adminstra` (`time_id_id`),
  CONSTRAINT `adminstrator_teacher_classroom_id_bc2d8cfe_fk_adminstra` FOREIGN KEY (`classroom_id`) REFERENCES `adminstrator_classroom` (`id`),
  CONSTRAINT `adminstrator_teacher_course_id_id_52d3afdf_fk_adminstra` FOREIGN KEY (`course_id_id`) REFERENCES `adminstrator_course` (`id`),
  CONSTRAINT `adminstrator_teacher_teacher_id_id_562b2555_fk_adminstra` FOREIGN KEY (`teacher_id_id`) REFERENCES `adminstrator_teacherinfo` (`id`),
  CONSTRAINT `adminstrator_teacher_time_id_id_ebde3342_fk_adminstra` FOREIGN KEY (`time_id_id`) REFERENCES `adminstrator_classtime` (`id`)
) ENGINE=InnoDB DEFAULT CHARSET=utf8mb4 COLLATE=utf8mb4_0900_ai_ci;
/*!40101 SET character_set_client = @saved_cs_client */;

--
-- Dumping data for table `adminstrator_teacher2time`
--

LOCK TABLES `adminstrator_teacher2time` WRITE;
/*!40000 ALTER TABLE `adminstrator_teacher2time` DISABLE KEYS */;
/*!40000 ALTER TABLE `adminstrator_teacher2time` ENABLE KEYS */;
UNLOCK TABLES;

--
-- Table structure for table `adminstrator_teacher_title`
--

DROP TABLE IF EXISTS `adminstrator_teacher_title`;
/*!40101 SET @saved_cs_client     = @@character_set_client */;
/*!50503 SET character_set_client = utf8mb4 */;
CREATE TABLE `adminstrator_teacher_title` (
  `id` int NOT NULL AUTO_INCREMENT,
  `name` varchar(30) NOT NULL,
  PRIMARY KEY (`id`)
) ENGINE=InnoDB AUTO_INCREMENT=14 DEFAULT CHARSET=utf8mb4 COLLATE=utf8mb4_0900_ai_ci;
/*!40101 SET character_set_client = @saved_cs_client */;

--
-- Dumping data for table `adminstrator_teacher_title`
--

LOCK TABLES `adminstrator_teacher_title` WRITE;
/*!40000 ALTER TABLE `adminstrator_teacher_title` DISABLE KEYS */;
INSERT INTO `adminstrator_teacher_title` VALUES (1,'教授一级'),(2,'教授二级'),(3,'教授三级'),(4,'教授四级'),(5,'副教授一级'),(6,'副教授二级'),(7,'副教授三级'),(8,'讲师一级'),(9,'讲师二级'),(10,'讲师三级'),(11,'助教一级'),(12,'助教二级'),(13,'助教三级');
/*!40000 ALTER TABLE `adminstrator_teacher_title` ENABLE KEYS */;
UNLOCK TABLES;

--
-- Table structure for table `adminstrator_teacherinfo`
--

DROP TABLE IF EXISTS `adminstrator_teacherinfo`;
/*!40101 SET @saved_cs_client     = @@character_set_client */;
/*!50503 SET character_set_client = utf8mb4 */;
CREATE TABLE `adminstrator_teacherinfo` (
  `id` int NOT NULL AUTO_INCREMENT,
  `tea_id` varchar(20) NOT NULL,
  `password` varchar(50) NOT NULL,
  `name` varchar(20) NOT NULL,
  `birthday` date NOT NULL,
  `IDnumber` varchar(20) NOT NULL,
  `sex` varchar(5) DEFAULT NULL,
  `entryTime` date NOT NULL,
  `title_id` int NOT NULL,
  `outlook_id` int NOT NULL,
  `nation` int NOT NULL,
  `native_id` int NOT NULL,
  `college_id` int NOT NULL,
  PRIMARY KEY (`id`),
  UNIQUE KEY `tea_id` (`tea_id`),
  KEY `adminstrator_teacherinfo_outlook_id_50b0b8b3` (`outlook_id`),
  KEY `adminstrator_teacherinfo_native_id_2ea616de` (`native_id`),
  KEY `adminstrator_teacherinfo_title_id_3caf01d6` (`title_id`),
  CONSTRAINT `adminstrator_teacher_native_id_2ea616de_fk_adminstra` FOREIGN KEY (`native_id`) REFERENCES `adminstrator_cities` (`id`),
  CONSTRAINT `adminstrator_teacher_outlook_id_50b0b8b3_fk_adminstra` FOREIGN KEY (`outlook_id`) REFERENCES `adminstrator_outlook` (`id`),
  CONSTRAINT `adminstrator_teacher_title_id_3caf01d6_fk_adminstra` FOREIGN KEY (`title_id`) REFERENCES `adminstrator_teacher_title` (`id`)
) ENGINE=InnoDB AUTO_INCREMENT=8 DEFAULT CHARSET=utf8mb4 COLLATE=utf8mb4_0900_ai_ci;
/*!40101 SET character_set_client = @saved_cs_client */;

--
-- Dumping data for table `adminstrator_teacherinfo`
--

LOCK TABLES `adminstrator_teacherinfo` WRITE;
/*!40000 ALTER TABLE `adminstrator_teacherinfo` DISABLE KEYS */;
INSERT INTO `adminstrator_teacherinfo` VALUES (1,'034201','123456','邢老师','2000-01-07','1234567890123456','女','2019-01-01',1,1,1,96,4),(2,'034202','123456','钟老师','2000-01-01','1234567890123456','男','2019-01-01',1,1,1,1,4),(3,'034203','123456','张老师','2000-01-01','1234567890123456','男','2019-01-01',1,1,1,4,5),(4,'10101','123456','张磊','2000-01-01','1234567890123456','女','2019-01-01',2,1,1,1,16),(5,'10102','123456','田乾乾','2000-01-01','1234567890123456','女','2019-01-01',2,1,1,1,16),(6,'034205','123456','沈老师','2021-05-05','1234567890123456','男','2021-05-12',1,1,1,8,4);
/*!40000 ALTER TABLE `adminstrator_teacherinfo` ENABLE KEYS */;
UNLOCK TABLES;

--
-- Table structure for table `adminstrator_teacherinfo_course`
--

DROP TABLE IF EXISTS `adminstrator_teacherinfo_course`;
/*!40101 SET @saved_cs_client     = @@character_set_client */;
/*!50503 SET character_set_client = utf8mb4 */;
CREATE TABLE `adminstrator_teacherinfo_course` (
  `id` int NOT NULL AUTO_INCREMENT,
  `teacherinfo_id` int NOT NULL,
  `course_id` int NOT NULL,
  PRIMARY KEY (`id`),
  UNIQUE KEY `adminstrator_teacherinfo_teacherinfo_id_course_id_4a69be24_uniq` (`teacherinfo_id`,`course_id`),
  KEY `adminstrator_teacher_course_id_ad1c4829_fk_adminstra` (`course_id`),
  CONSTRAINT `adminstrator_teacher_course_id_ad1c4829_fk_adminstra` FOREIGN KEY (`course_id`) REFERENCES `adminstrator_course` (`id`),
  CONSTRAINT `adminstrator_teacher_teacherinfo_id_56b9872f_fk_adminstra` FOREIGN KEY (`teacherinfo_id`) REFERENCES `adminstrator_teacherinfo` (`id`)
) ENGINE=InnoDB AUTO_INCREMENT=35 DEFAULT CHARSET=utf8mb4 COLLATE=utf8mb4_0900_ai_ci;
/*!40101 SET character_set_client = @saved_cs_client */;

--
-- Dumping data for table `adminstrator_teacherinfo_course`
--

LOCK TABLES `adminstrator_teacherinfo_course` WRITE;
/*!40000 ALTER TABLE `adminstrator_teacherinfo_course` DISABLE KEYS */;
INSERT INTO `adminstrator_teacherinfo_course` VALUES (30,1,2),(29,1,6),(16,2,3),(17,2,4),(15,2,5),(12,3,7),(13,4,13),(14,5,13),(34,6,6),(33,6,7);
/*!40000 ALTER TABLE `adminstrator_teacherinfo_course` ENABLE KEYS */;
UNLOCK TABLES;

--
-- Table structure for table `app01_author`
--

DROP TABLE IF EXISTS `app01_author`;
/*!40101 SET @saved_cs_client     = @@character_set_client */;
/*!50503 SET character_set_client = utf8mb4 */;
CREATE TABLE `app01_author` (
  `id` int NOT NULL AUTO_INCREMENT,
  `name` varchar(16) NOT NULL,
  `detail_id` int DEFAULT NULL,
  PRIMARY KEY (`id`),
  UNIQUE KEY `name` (`name`),
  UNIQUE KEY `detail_id` (`detail_id`),
  CONSTRAINT `app01_author_detail_id_87f03617_fk_app01_authordetails_id` FOREIGN KEY (`detail_id`) REFERENCES `app01_authordetails` (`id`)
) ENGINE=InnoDB AUTO_INCREMENT=12 DEFAULT CHARSET=utf8mb4 COLLATE=utf8mb4_0900_ai_ci;
/*!40101 SET character_set_client = @saved_cs_client */;

--
-- Dumping data for table `app01_author`
--

LOCK TABLES `app01_author` WRITE;
/*!40000 ALTER TABLE `app01_author` DISABLE KEYS */;
INSERT INTO `app01_author` VALUES (1,'小黑',NULL),(8,'小白',NULL),(9,'大黄',NULL),(11,'小鸟',NULL);
/*!40000 ALTER TABLE `app01_author` ENABLE KEYS */;
UNLOCK TABLES;

--
-- Table structure for table `app01_author2book`
--

DROP TABLE IF EXISTS `app01_author2book`;
/*!40101 SET @saved_cs_client     = @@character_set_client */;
/*!50503 SET character_set_client = utf8mb4 */;
CREATE TABLE `app01_author2book` (
  `id` int NOT NULL AUTO_INCREMENT,
  `author_id` int NOT NULL,
  `book_id` int NOT NULL,
  PRIMARY KEY (`id`),
  KEY `app01_author2book_author_id_1174d01f_fk_app01_author_id` (`author_id`),
  KEY `app01_author2book_book_id_d1c8bfe9_fk_app01_book_id` (`book_id`),
  CONSTRAINT `app01_author2book_author_id_1174d01f_fk_app01_author_id` FOREIGN KEY (`author_id`) REFERENCES `app01_author` (`id`),
  CONSTRAINT `app01_author2book_book_id_d1c8bfe9_fk_app01_book_id` FOREIGN KEY (`book_id`) REFERENCES `app01_book` (`id`)
) ENGINE=InnoDB AUTO_INCREMENT=10 DEFAULT CHARSET=utf8mb4 COLLATE=utf8mb4_0900_ai_ci;
/*!40101 SET character_set_client = @saved_cs_client */;

--
-- Dumping data for table `app01_author2book`
--

LOCK TABLES `app01_author2book` WRITE;
/*!40000 ALTER TABLE `app01_author2book` DISABLE KEYS */;
INSERT INTO `app01_author2book` VALUES (1,1,4),(2,1,3),(3,8,6),(4,8,7),(5,8,9),(6,9,22),(7,9,24),(8,9,11),(9,9,10);
/*!40000 ALTER TABLE `app01_author2book` ENABLE KEYS */;
UNLOCK TABLES;

--
-- Table structure for table `app01_author_book`
--

DROP TABLE IF EXISTS `app01_author_book`;
/*!40101 SET @saved_cs_client     = @@character_set_client */;
/*!50503 SET character_set_client = utf8mb4 */;
CREATE TABLE `app01_author_book` (
  `id` int NOT NULL AUTO_INCREMENT,
  `author_id` int NOT NULL,
  `book_id` int NOT NULL,
  PRIMARY KEY (`id`),
  UNIQUE KEY `app01_author_book_author_id_book_id_2a845453_uniq` (`author_id`,`book_id`),
  KEY `app01_author_book_book_id_15e32827_fk_app01_book_id` (`book_id`),
  CONSTRAINT `app01_author_book_author_id_0f6c5f17_fk_app01_author_id` FOREIGN KEY (`author_id`) REFERENCES `app01_author` (`id`),
  CONSTRAINT `app01_author_book_book_id_15e32827_fk_app01_book_id` FOREIGN KEY (`book_id`) REFERENCES `app01_book` (`id`)
) ENGINE=InnoDB AUTO_INCREMENT=23 DEFAULT CHARSET=utf8mb4 COLLATE=utf8mb4_0900_ai_ci;
/*!40101 SET character_set_client = @saved_cs_client */;

--
-- Dumping data for table `app01_author_book`
--

LOCK TABLES `app01_author_book` WRITE;
/*!40000 ALTER TABLE `app01_author_book` DISABLE KEYS */;
INSERT INTO `app01_author_book` VALUES (1,1,1),(2,1,3),(6,1,7),(19,1,22),(22,1,24),(15,8,9),(14,8,10),(16,9,4),(17,9,6),(21,11,11),(20,11,22);
/*!40000 ALTER TABLE `app01_author_book` ENABLE KEYS */;
UNLOCK TABLES;

--
-- Table structure for table `app01_authordetails`
--

DROP TABLE IF EXISTS `app01_authordetails`;
/*!40101 SET @saved_cs_client     = @@character_set_client */;
/*!50503 SET character_set_client = utf8mb4 */;
CREATE TABLE `app01_authordetails` (
  `id` int NOT NULL AUTO_INCREMENT,
  `hobby` varchar(32) NOT NULL,
  `addr` varchar(128) NOT NULL,
  PRIMARY KEY (`id`)
) ENGINE=InnoDB DEFAULT CHARSET=utf8mb4 COLLATE=utf8mb4_0900_ai_ci;
/*!40101 SET character_set_client = @saved_cs_client */;

--
-- Dumping data for table `app01_authordetails`
--

LOCK TABLES `app01_authordetails` WRITE;
/*!40000 ALTER TABLE `app01_authordetails` DISABLE KEYS */;
/*!40000 ALTER TABLE `app01_authordetails` ENABLE KEYS */;
UNLOCK TABLES;

--
-- Table structure for table `app01_book`
--

DROP TABLE IF EXISTS `app01_book`;
/*!40101 SET @saved_cs_client     = @@character_set_client */;
/*!50503 SET character_set_client = utf8mb4 */;
CREATE TABLE `app01_book` (
  `id` int NOT NULL AUTO_INCREMENT,
  `title` varchar(64) NOT NULL,
  `publisher_id` int NOT NULL,
  `price` decimal(5,2) NOT NULL,
  `kucun` int NOT NULL,
  `maichu` int NOT NULL,
  PRIMARY KEY (`id`),
  UNIQUE KEY `title` (`title`),
  KEY `app01_book_publisher_id_e407867a_fk_app01_publisher_id` (`publisher_id`),
  CONSTRAINT `app01_book_publisher_id_e407867a_fk_app01_publisher_id` FOREIGN KEY (`publisher_id`) REFERENCES `app01_publisher` (`id`)
) ENGINE=InnoDB AUTO_INCREMENT=30 DEFAULT CHARSET=utf8mb4 COLLATE=utf8mb4_0900_ai_ci;
/*!40101 SET character_set_client = @saved_cs_client */;

--
-- Dumping data for table `app01_book`
--

LOCK TABLES `app01_book` WRITE;
/*!40000 ALTER TABLE `app01_book` DISABLE KEYS */;
INSERT INTO `app01_book` VALUES (1,'Linux学习',1,99.99,50,450),(3,'如何吹牛逼',3,19.99,20,300),(4,'Word学习',2,9.99,1000,0),(6,'Django入土',3,39.99,250,753),(7,'和钟神学密码',1,49.99,30,60),(9,'编码',2,4.99,100,3000),(10,'Bootstrap精通',3,50.99,50,0),(11,'数据库课程设计',3,89.99,85,225),(22,'邹老板自传',2,19.99,20,120),(24,'abcd',1,5.99,500,2100);
/*!40000 ALTER TABLE `app01_book` ENABLE KEYS */;
UNLOCK TABLES;

--
-- Table structure for table `app01_person`
--

DROP TABLE IF EXISTS `app01_person`;
/*!40101 SET @saved_cs_client     = @@character_set_client */;
/*!50503 SET character_set_client = utf8mb4 */;
CREATE TABLE `app01_person` (
  `id` int NOT NULL AUTO_INCREMENT,
  `name` varchar(32) NOT NULL,
  `age` int NOT NULL,
  `birthday` date NOT NULL,
  PRIMARY KEY (`id`)
) ENGINE=InnoDB AUTO_INCREMENT=6 DEFAULT CHARSET=utf8mb4 COLLATE=utf8mb4_0900_ai_ci;
/*!40101 SET character_set_client = @saved_cs_client */;

--
-- Dumping data for table `app01_person`
--

LOCK TABLES `app01_person` WRITE;
/*!40000 ALTER TABLE `app01_person` DISABLE KEYS */;
INSERT INTO `app01_person` VALUES (1,'邹嘉旭',20,'2001-06-13'),(2,'敦敦w',20,'2001-10-24'),(3,'许大师',19,'2001-01-01'),(4,'刘中原',19,'2001-01-10'),(5,'周慧敏',21,'2001-02-02');
/*!40000 ALTER TABLE `app01_person` ENABLE KEYS */;
UNLOCK TABLES;

--
-- Table structure for table `app01_publisher`
--

DROP TABLE IF EXISTS `app01_publisher`;
/*!40101 SET @saved_cs_client     = @@character_set_client */;
/*!50503 SET character_set_client = utf8mb4 */;
CREATE TABLE `app01_publisher` (
  `id` int NOT NULL AUTO_INCREMENT,
  `name` varchar(64) NOT NULL,
  PRIMARY KEY (`id`),
  UNIQUE KEY `name` (`name`)
) ENGINE=InnoDB AUTO_INCREMENT=4 DEFAULT CHARSET=utf8mb4 COLLATE=utf8mb4_0900_ai_ci;
/*!40101 SET character_set_client = @saved_cs_client */;

--
-- Dumping data for table `app01_publisher`
--

LOCK TABLES `app01_publisher` WRITE;
/*!40000 ALTER TABLE `app01_publisher` DISABLE KEYS */;
INSERT INTO `app01_publisher` VALUES (2,'五道口出版社'),(3,'天津出版社'),(1,'清华出版社');
/*!40000 ALTER TABLE `app01_publisher` ENABLE KEYS */;
UNLOCK TABLES;

--
-- Table structure for table `app01_userinfo`
--

DROP TABLE IF EXISTS `app01_userinfo`;
/*!40101 SET @saved_cs_client     = @@character_set_client */;
/*!50503 SET character_set_client = utf8mb4 */;
CREATE TABLE `app01_userinfo` (
  `id` int NOT NULL AUTO_INCREMENT,
  `name` varchar(20) NOT NULL,
  `password` varchar(20) NOT NULL,
  PRIMARY KEY (`id`)
) ENGINE=InnoDB AUTO_INCREMENT=3 DEFAULT CHARSET=utf8mb4 COLLATE=utf8mb4_0900_ai_ci;
/*!40101 SET character_set_client = @saved_cs_client */;

--
-- Dumping data for table `app01_userinfo`
--

LOCK TABLES `app01_userinfo` WRITE;
/*!40000 ALTER TABLE `app01_userinfo` DISABLE KEYS */;
INSERT INTO `app01_userinfo` VALUES (1,'1901468412','zoujiaxv7891'),(2,'','');
/*!40000 ALTER TABLE `app01_userinfo` ENABLE KEYS */;
UNLOCK TABLES;

--
-- Table structure for table `auth_group`
--

DROP TABLE IF EXISTS `auth_group`;
/*!40101 SET @saved_cs_client     = @@character_set_client */;
/*!50503 SET character_set_client = utf8mb4 */;
CREATE TABLE `auth_group` (
  `id` int NOT NULL AUTO_INCREMENT,
  `name` varchar(150) NOT NULL,
  PRIMARY KEY (`id`),
  UNIQUE KEY `name` (`name`)
) ENGINE=InnoDB DEFAULT CHARSET=utf8mb4 COLLATE=utf8mb4_0900_ai_ci;
/*!40101 SET character_set_client = @saved_cs_client */;

--
-- Dumping data for table `auth_group`
--

LOCK TABLES `auth_group` WRITE;
/*!40000 ALTER TABLE `auth_group` DISABLE KEYS */;
/*!40000 ALTER TABLE `auth_group` ENABLE KEYS */;
UNLOCK TABLES;

--
-- Table structure for table `auth_group_permissions`
--

DROP TABLE IF EXISTS `auth_group_permissions`;
/*!40101 SET @saved_cs_client     = @@character_set_client */;
/*!50503 SET character_set_client = utf8mb4 */;
CREATE TABLE `auth_group_permissions` (
  `id` int NOT NULL AUTO_INCREMENT,
  `group_id` int NOT NULL,
  `permission_id` int NOT NULL,
  PRIMARY KEY (`id`),
  UNIQUE KEY `auth_group_permissions_group_id_permission_id_0cd325b0_uniq` (`group_id`,`permission_id`),
  KEY `auth_group_permissio_permission_id_84c5c92e_fk_auth_perm` (`permission_id`),
  CONSTRAINT `auth_group_permissio_permission_id_84c5c92e_fk_auth_perm` FOREIGN KEY (`permission_id`) REFERENCES `auth_permission` (`id`),
  CONSTRAINT `auth_group_permissions_group_id_b120cbf9_fk_auth_group_id` FOREIGN KEY (`group_id`) REFERENCES `auth_group` (`id`)
) ENGINE=InnoDB DEFAULT CHARSET=utf8mb4 COLLATE=utf8mb4_0900_ai_ci;
/*!40101 SET character_set_client = @saved_cs_client */;

--
-- Dumping data for table `auth_group_permissions`
--

LOCK TABLES `auth_group_permissions` WRITE;
/*!40000 ALTER TABLE `auth_group_permissions` DISABLE KEYS */;
/*!40000 ALTER TABLE `auth_group_permissions` ENABLE KEYS */;
UNLOCK TABLES;

--
-- Table structure for table `auth_permission`
--

DROP TABLE IF EXISTS `auth_permission`;
/*!40101 SET @saved_cs_client     = @@character_set_client */;
/*!50503 SET character_set_client = utf8mb4 */;
CREATE TABLE `auth_permission` (
  `id` int NOT NULL AUTO_INCREMENT,
  `name` varchar(255) NOT NULL,
  `content_type_id` int NOT NULL,
  `codename` varchar(100) NOT NULL,
  PRIMARY KEY (`id`),
  UNIQUE KEY `auth_permission_content_type_id_codename_01ab375a_uniq` (`content_type_id`,`codename`),
  CONSTRAINT `auth_permission_content_type_id_2f476e4b_fk_django_co` FOREIGN KEY (`content_type_id`) REFERENCES `django_content_type` (`id`)
) ENGINE=InnoDB AUTO_INCREMENT=169 DEFAULT CHARSET=utf8mb4 COLLATE=utf8mb4_0900_ai_ci;
/*!40101 SET character_set_client = @saved_cs_client */;

--
-- Dumping data for table `auth_permission`
--

LOCK TABLES `auth_permission` WRITE;
/*!40000 ALTER TABLE `auth_permission` DISABLE KEYS */;
INSERT INTO `auth_permission` VALUES (1,'Can add log entry',1,'add_logentry'),(2,'Can change log entry',1,'change_logentry'),(3,'Can delete log entry',1,'delete_logentry'),(4,'Can view log entry',1,'view_logentry'),(5,'Can add permission',2,'add_permission'),(6,'Can change permission',2,'change_permission'),(7,'Can delete permission',2,'delete_permission'),(8,'Can view permission',2,'view_permission'),(9,'Can add group',3,'add_group'),(10,'Can change group',3,'change_group'),(11,'Can delete group',3,'delete_group'),(12,'Can view group',3,'view_group'),(13,'Can add user',4,'add_user'),(14,'Can change user',4,'change_user'),(15,'Can delete user',4,'delete_user'),(16,'Can view user',4,'view_user'),(17,'Can add content type',5,'add_contenttype'),(18,'Can change content type',5,'change_contenttype'),(19,'Can delete content type',5,'delete_contenttype'),(20,'Can view content type',5,'view_contenttype'),(21,'Can add session',6,'add_session'),(22,'Can change session',6,'change_session'),(23,'Can delete session',6,'delete_session'),(24,'Can view session',6,'view_session'),(25,'Can add user info',7,'add_userinfo'),(26,'Can change user info',7,'change_userinfo'),(27,'Can delete user info',7,'delete_userinfo'),(28,'Can view user info',7,'view_userinfo'),(29,'Can add publisher',8,'add_publisher'),(30,'Can change publisher',8,'change_publisher'),(31,'Can delete publisher',8,'delete_publisher'),(32,'Can view publisher',8,'view_publisher'),(33,'Can add book',9,'add_book'),(34,'Can change book',9,'change_book'),(35,'Can delete book',9,'delete_book'),(36,'Can view book',9,'view_book'),(37,'Can add author',10,'add_author'),(38,'Can change author',10,'change_author'),(39,'Can delete author',10,'delete_author'),(40,'Can view author',10,'view_author'),(41,'Can add person',11,'add_person'),(42,'Can change person',11,'change_person'),(43,'Can delete person',11,'delete_person'),(44,'Can view person',11,'view_person'),(45,'Can add user info',12,'add_userinfo'),(46,'Can change user info',12,'change_userinfo'),(47,'Can delete user info',12,'delete_userinfo'),(48,'Can view user info',12,'view_userinfo'),(49,'Can add student info',12,'add_studentinfo'),(50,'Can change student info',12,'change_studentinfo'),(51,'Can delete student info',12,'delete_studentinfo'),(52,'Can view student info',12,'view_studentinfo'),(53,'Can add author2 book',13,'add_author2book'),(54,'Can change author2 book',13,'change_author2book'),(55,'Can delete author2 book',13,'delete_author2book'),(56,'Can view author2 book',13,'view_author2book'),(57,'Can add author details',14,'add_authordetails'),(58,'Can change author details',14,'change_authordetails'),(59,'Can delete author details',14,'delete_authordetails'),(60,'Can view author details',14,'view_authordetails'),(61,'Can add course_ group',15,'add_course_group'),(62,'Can change course_ group',15,'change_course_group'),(63,'Can delete course_ group',15,'delete_course_group'),(64,'Can view course_ group',15,'view_course_group'),(65,'Can add teacher',16,'add_teacher'),(66,'Can change teacher',16,'change_teacher'),(67,'Can delete teacher',16,'delete_teacher'),(68,'Can view teacher',16,'view_teacher'),(69,'Can add course',17,'add_course'),(70,'Can change course',17,'change_course'),(71,'Can delete course',17,'delete_course'),(72,'Can view course',17,'view_course'),(73,'Can add student info',18,'add_studentinfo'),(74,'Can change student info',18,'change_studentinfo'),(75,'Can delete student info',18,'delete_studentinfo'),(76,'Can view student info',18,'view_studentinfo'),(77,'Can add major info',19,'add_majorinfo'),(78,'Can change major info',19,'change_majorinfo'),(79,'Can delete major info',19,'delete_majorinfo'),(80,'Can view major info',19,'view_majorinfo'),(81,'Can add college info',20,'add_collegeinfo'),(82,'Can change college info',20,'change_collegeinfo'),(83,'Can delete college info',20,'delete_collegeinfo'),(84,'Can view college info',20,'view_collegeinfo'),(85,'Can add class info',21,'add_classinfo'),(86,'Can change class info',21,'change_classinfo'),(87,'Can delete class info',21,'delete_classinfo'),(88,'Can view class info',21,'view_classinfo'),(89,'Can add area info',22,'add_areainfo'),(90,'Can change area info',22,'change_areainfo'),(91,'Can delete area info',22,'delete_areainfo'),(92,'Can view area info',22,'view_areainfo'),(93,'Can add teacher info',16,'add_teacherinfo'),(94,'Can change teacher info',16,'change_teacherinfo'),(95,'Can delete teacher info',16,'delete_teacherinfo'),(96,'Can view teacher info',16,'view_teacherinfo'),(97,'Can add admin info',23,'add_admininfo'),(98,'Can change admin info',23,'change_admininfo'),(99,'Can delete admin info',23,'delete_admininfo'),(100,'Can view admin info',23,'view_admininfo'),(101,'Can add area info',24,'add_areainfo'),(102,'Can change area info',24,'change_areainfo'),(103,'Can delete area info',24,'delete_areainfo'),(104,'Can view area info',24,'view_areainfo'),(105,'Can add areas',22,'add_areas'),(106,'Can change areas',22,'change_areas'),(107,'Can delete areas',22,'delete_areas'),(108,'Can view areas',22,'view_areas'),(109,'Can add cities',25,'add_cities'),(110,'Can change cities',25,'change_cities'),(111,'Can delete cities',25,'delete_cities'),(112,'Can view cities',25,'view_cities'),(113,'Can add countries',26,'add_countries'),(114,'Can change countries',26,'change_countries'),(115,'Can delete countries',26,'delete_countries'),(116,'Can view countries',26,'view_countries'),(117,'Can add provinces',27,'add_provinces'),(118,'Can change provinces',27,'change_provinces'),(119,'Can delete provinces',27,'delete_provinces'),(120,'Can view provinces',27,'view_provinces'),(121,'Can add outlook',28,'add_outlook'),(122,'Can change outlook',28,'change_outlook'),(123,'Can delete outlook',28,'delete_outlook'),(124,'Can view outlook',28,'view_outlook'),(125,'Can add function',29,'add_function'),(126,'Can change function',29,'change_function'),(127,'Can delete function',29,'delete_function'),(128,'Can view function',29,'view_function'),(129,'Can add class room',30,'add_classroom'),(130,'Can change class room',30,'change_classroom'),(131,'Can delete class room',30,'delete_classroom'),(132,'Can view class room',30,'view_classroom'),(133,'Can add teacher2 course',31,'add_teacher2course'),(134,'Can change teacher2 course',31,'change_teacher2course'),(135,'Can delete teacher2 course',31,'delete_teacher2course'),(136,'Can view teacher2 course',31,'view_teacher2course'),(137,'Can add teacher_title',32,'add_teacher_title'),(138,'Can change teacher_title',32,'change_teacher_title'),(139,'Can delete teacher_title',32,'delete_teacher_title'),(140,'Can view teacher_title',32,'view_teacher_title'),(141,'Can add class time',33,'add_classtime'),(142,'Can change class time',33,'change_classtime'),(143,'Can delete class time',33,'delete_classtime'),(144,'Can view class time',33,'view_classtime'),(145,'Can add results',34,'add_results'),(146,'Can change results',34,'change_results'),(147,'Can delete results',34,'delete_results'),(148,'Can view results',34,'view_results'),(149,'Can add teacher2 time',35,'add_teacher2time'),(150,'Can change teacher2 time',35,'change_teacher2time'),(151,'Can delete teacher2 time',35,'delete_teacher2time'),(152,'Can view teacher2 time',35,'view_teacher2time'),(153,'Can add student2 course',36,'add_student2course'),(154,'Can change student2 course',36,'change_student2course'),(155,'Can delete student2 course',36,'delete_student2course'),(156,'Can view student2 course',36,'view_student2course'),(157,'Can add college info4tc',37,'add_collegeinfo4tc'),(158,'Can change college info4tc',37,'change_collegeinfo4tc'),(159,'Can delete college info4tc',37,'delete_collegeinfo4tc'),(160,'Can view college info4tc',37,'view_collegeinfo4tc'),(161,'Can add building',38,'add_building'),(162,'Can change building',38,'change_building'),(163,'Can delete building',38,'delete_building'),(164,'Can view building',38,'view_building'),(165,'Can add message',39,'add_message'),(166,'Can change message',39,'change_message'),(167,'Can delete message',39,'delete_message'),(168,'Can view message',39,'view_message');
/*!40000 ALTER TABLE `auth_permission` ENABLE KEYS */;
UNLOCK TABLES;

--
-- Table structure for table `auth_user`
--

DROP TABLE IF EXISTS `auth_user`;
/*!40101 SET @saved_cs_client     = @@character_set_client */;
/*!50503 SET character_set_client = utf8mb4 */;
CREATE TABLE `auth_user` (
  `id` int NOT NULL AUTO_INCREMENT,
  `password` varchar(128) NOT NULL,
  `last_login` datetime(6) DEFAULT NULL,
  `is_superuser` tinyint(1) NOT NULL,
  `username` varchar(150) NOT NULL,
  `first_name` varchar(30) NOT NULL,
  `last_name` varchar(150) NOT NULL,
  `email` varchar(254) NOT NULL,
  `is_staff` tinyint(1) NOT NULL,
  `is_active` tinyint(1) NOT NULL,
  `date_joined` datetime(6) NOT NULL,
  PRIMARY KEY (`id`),
  UNIQUE KEY `username` (`username`)
) ENGINE=InnoDB DEFAULT CHARSET=utf8mb4 COLLATE=utf8mb4_0900_ai_ci;
/*!40101 SET character_set_client = @saved_cs_client */;

--
-- Dumping data for table `auth_user`
--

LOCK TABLES `auth_user` WRITE;
/*!40000 ALTER TABLE `auth_user` DISABLE KEYS */;
/*!40000 ALTER TABLE `auth_user` ENABLE KEYS */;
UNLOCK TABLES;

--
-- Table structure for table `auth_user_groups`
--

DROP TABLE IF EXISTS `auth_user_groups`;
/*!40101 SET @saved_cs_client     = @@character_set_client */;
/*!50503 SET character_set_client = utf8mb4 */;
CREATE TABLE `auth_user_groups` (
  `id` int NOT NULL AUTO_INCREMENT,
  `user_id` int NOT NULL,
  `group_id` int NOT NULL,
  PRIMARY KEY (`id`),
  UNIQUE KEY `auth_user_groups_user_id_group_id_94350c0c_uniq` (`user_id`,`group_id`),
  KEY `auth_user_groups_group_id_97559544_fk_auth_group_id` (`group_id`),
  CONSTRAINT `auth_user_groups_group_id_97559544_fk_auth_group_id` FOREIGN KEY (`group_id`) REFERENCES `auth_group` (`id`),
  CONSTRAINT `auth_user_groups_user_id_6a12ed8b_fk_auth_user_id` FOREIGN KEY (`user_id`) REFERENCES `auth_user` (`id`)
) ENGINE=InnoDB DEFAULT CHARSET=utf8mb4 COLLATE=utf8mb4_0900_ai_ci;
/*!40101 SET character_set_client = @saved_cs_client */;

--
-- Dumping data for table `auth_user_groups`
--

LOCK TABLES `auth_user_groups` WRITE;
/*!40000 ALTER TABLE `auth_user_groups` DISABLE KEYS */;
/*!40000 ALTER TABLE `auth_user_groups` ENABLE KEYS */;
UNLOCK TABLES;

--
-- Table structure for table `auth_user_user_permissions`
--

DROP TABLE IF EXISTS `auth_user_user_permissions`;
/*!40101 SET @saved_cs_client     = @@character_set_client */;
/*!50503 SET character_set_client = utf8mb4 */;
CREATE TABLE `auth_user_user_permissions` (
  `id` int NOT NULL AUTO_INCREMENT,
  `user_id` int NOT NULL,
  `permission_id` int NOT NULL,
  PRIMARY KEY (`id`),
  UNIQUE KEY `auth_user_user_permissions_user_id_permission_id_14a6b632_uniq` (`user_id`,`permission_id`),
  KEY `auth_user_user_permi_permission_id_1fbb5f2c_fk_auth_perm` (`permission_id`),
  CONSTRAINT `auth_user_user_permi_permission_id_1fbb5f2c_fk_auth_perm` FOREIGN KEY (`permission_id`) REFERENCES `auth_permission` (`id`),
  CONSTRAINT `auth_user_user_permissions_user_id_a95ead1b_fk_auth_user_id` FOREIGN KEY (`user_id`) REFERENCES `auth_user` (`id`)
) ENGINE=InnoDB DEFAULT CHARSET=utf8mb4 COLLATE=utf8mb4_0900_ai_ci;
/*!40101 SET character_set_client = @saved_cs_client */;

--
-- Dumping data for table `auth_user_user_permissions`
--

LOCK TABLES `auth_user_user_permissions` WRITE;
/*!40000 ALTER TABLE `auth_user_user_permissions` DISABLE KEYS */;
/*!40000 ALTER TABLE `auth_user_user_permissions` ENABLE KEYS */;
UNLOCK TABLES;

--
-- Table structure for table `django_admin_log`
--

DROP TABLE IF EXISTS `django_admin_log`;
/*!40101 SET @saved_cs_client     = @@character_set_client */;
/*!50503 SET character_set_client = utf8mb4 */;
CREATE TABLE `django_admin_log` (
  `id` int NOT NULL AUTO_INCREMENT,
  `action_time` datetime(6) NOT NULL,
  `object_id` longtext,
  `object_repr` varchar(200) NOT NULL,
  `action_flag` smallint unsigned NOT NULL,
  `change_message` longtext NOT NULL,
  `content_type_id` int DEFAULT NULL,
  `user_id` int NOT NULL,
  PRIMARY KEY (`id`),
  KEY `django_admin_log_content_type_id_c4bce8eb_fk_django_co` (`content_type_id`),
  KEY `django_admin_log_user_id_c564eba6_fk_auth_user_id` (`user_id`),
  CONSTRAINT `django_admin_log_content_type_id_c4bce8eb_fk_django_co` FOREIGN KEY (`content_type_id`) REFERENCES `django_content_type` (`id`),
  CONSTRAINT `django_admin_log_user_id_c564eba6_fk_auth_user_id` FOREIGN KEY (`user_id`) REFERENCES `auth_user` (`id`)
) ENGINE=InnoDB DEFAULT CHARSET=utf8mb4 COLLATE=utf8mb4_0900_ai_ci;
/*!40101 SET character_set_client = @saved_cs_client */;

--
-- Dumping data for table `django_admin_log`
--

LOCK TABLES `django_admin_log` WRITE;
/*!40000 ALTER TABLE `django_admin_log` DISABLE KEYS */;
/*!40000 ALTER TABLE `django_admin_log` ENABLE KEYS */;
UNLOCK TABLES;

--
-- Table structure for table `django_content_type`
--

DROP TABLE IF EXISTS `django_content_type`;
/*!40101 SET @saved_cs_client     = @@character_set_client */;
/*!50503 SET character_set_client = utf8mb4 */;
CREATE TABLE `django_content_type` (
  `id` int NOT NULL AUTO_INCREMENT,
  `app_label` varchar(100) NOT NULL,
  `model` varchar(100) NOT NULL,
  PRIMARY KEY (`id`),
  UNIQUE KEY `django_content_type_app_label_model_76bd3d3b_uniq` (`app_label`,`model`)
) ENGINE=InnoDB AUTO_INCREMENT=40 DEFAULT CHARSET=utf8mb4 COLLATE=utf8mb4_0900_ai_ci;
/*!40101 SET character_set_client = @saved_cs_client */;

--
-- Dumping data for table `django_content_type`
--

LOCK TABLES `django_content_type` WRITE;
/*!40000 ALTER TABLE `django_content_type` DISABLE KEYS */;
INSERT INTO `django_content_type` VALUES (1,'admin','logentry'),(23,'adminstrator','admininfo'),(24,'adminstrator','areainfo'),(22,'adminstrator','areas'),(38,'adminstrator','building'),(25,'adminstrator','cities'),(21,'adminstrator','classinfo'),(30,'adminstrator','classroom'),(33,'adminstrator','classtime'),(20,'adminstrator','collegeinfo'),(37,'adminstrator','collegeinfo4tc'),(26,'adminstrator','countries'),(17,'adminstrator','course'),(15,'adminstrator','course_group'),(29,'adminstrator','function'),(19,'adminstrator','majorinfo'),(39,'adminstrator','message'),(28,'adminstrator','outlook'),(27,'adminstrator','provinces'),(34,'adminstrator','results'),(36,'adminstrator','student2course'),(18,'adminstrator','studentinfo'),(32,'adminstrator','teacher_title'),(31,'adminstrator','teacher2course'),(35,'adminstrator','teacher2time'),(16,'adminstrator','teacherinfo'),(10,'app01','author'),(13,'app01','author2book'),(14,'app01','authordetails'),(9,'app01','book'),(11,'app01','person'),(8,'app01','publisher'),(7,'app01','userinfo'),(3,'auth','group'),(2,'auth','permission'),(4,'auth','user'),(5,'contenttypes','contenttype'),(6,'sessions','session'),(12,'student','studentinfo');
/*!40000 ALTER TABLE `django_content_type` ENABLE KEYS */;
UNLOCK TABLES;

--
-- Table structure for table `django_migrations`
--

DROP TABLE IF EXISTS `django_migrations`;
/*!40101 SET @saved_cs_client     = @@character_set_client */;
/*!50503 SET character_set_client = utf8mb4 */;
CREATE TABLE `django_migrations` (
  `id` int NOT NULL AUTO_INCREMENT,
  `app` varchar(255) NOT NULL,
  `name` varchar(255) NOT NULL,
  `applied` datetime(6) NOT NULL,
  PRIMARY KEY (`id`)
) ENGINE=InnoDB AUTO_INCREMENT=99 DEFAULT CHARSET=utf8mb4 COLLATE=utf8mb4_0900_ai_ci;
/*!40101 SET character_set_client = @saved_cs_client */;

--
-- Dumping data for table `django_migrations`
--

LOCK TABLES `django_migrations` WRITE;
/*!40000 ALTER TABLE `django_migrations` DISABLE KEYS */;
INSERT INTO `django_migrations` VALUES (1,'contenttypes','0001_initial','2021-03-11 13:48:39.976983'),(2,'auth','0001_initial','2021-03-11 13:48:40.277756'),(3,'admin','0001_initial','2021-03-11 13:48:41.006280'),(4,'admin','0002_logentry_remove_auto_add','2021-03-11 13:48:41.209327'),(5,'admin','0003_logentry_add_action_flag_choices','2021-03-11 13:48:41.225100'),(10,'contenttypes','0002_remove_content_type_name','2021-03-11 13:48:41.789239'),(11,'auth','0002_alter_permission_name_max_length','2021-03-11 13:48:41.871733'),(12,'auth','0003_alter_user_email_max_length','2021-03-11 13:48:41.904846'),(13,'auth','0004_alter_user_username_opts','2021-03-11 13:48:41.916828'),(14,'auth','0005_alter_user_last_login_null','2021-03-11 13:48:42.002852'),(15,'auth','0006_require_contenttypes_0002','2021-03-11 13:48:42.011982'),(16,'auth','0007_alter_validators_add_error_messages','2021-03-11 13:48:42.025020'),(17,'auth','0008_alter_user_username_max_length','2021-03-11 13:48:42.139681'),(18,'auth','0009_alter_user_last_name_max_length','2021-03-11 13:48:42.245059'),(19,'auth','0010_alter_group_name_max_length','2021-03-11 13:48:42.277416'),(20,'auth','0011_update_proxy_permissions','2021-03-11 13:48:42.291472'),(21,'sessions','0001_initial','2021-03-11 13:48:42.331571'),(27,'student','0001_initial','2021-04-25 03:34:17.148497'),(28,'student','0002_auto_20210425_1020','2021-04-25 10:20:50.355777'),(29,'student','0003_auto_20210425_1024','2021-04-25 10:25:07.867132'),(30,'adminstrator','0001_initial','2021-04-28 05:22:15.597886'),(32,'student','0004_delete_studentinfo','2021-04-28 05:22:16.759734'),(33,'app01','0001_initial','2021-04-28 15:10:00.016755'),(34,'adminstrator','0002_course_priority','2021-04-29 14:03:00.301925'),(35,'adminstrator','0003_areainfo','2021-04-30 06:17:00.210206'),(36,'adminstrator','0004_auto_20210501_1348','2021-05-01 13:48:46.700511'),(37,'adminstrator','0005_auto_20210501_1449','2021-05-01 14:49:38.750899'),(38,'adminstrator','0006_auto_20210501_1538','2021-05-01 15:39:04.343137'),(39,'adminstrator','0007_auto_20210501_1558','2021-05-01 15:58:04.885139'),(40,'adminstrator','0008_auto_20210502_1542','2021-05-02 15:42:14.059654'),(41,'adminstrator','0009_auto_20210504_1915','2021-05-04 19:16:02.932748'),(42,'adminstrator','0010_admininfo','2021-05-05 04:55:41.051976'),(43,'adminstrator','0011_auto_20210507_0918','2021-05-07 09:18:36.504296'),(44,'adminstrator','0012_auto_20210507_0919','2021-05-07 09:19:26.026697'),(45,'adminstrator','0011_delete_areainfo','2021-05-07 09:46:26.217850'),(46,'adminstrator','0012_areas','2021-05-07 09:46:59.993860'),(47,'adminstrator','0013_cities_countries_provinces','2021-05-07 10:39:19.842159'),(48,'adminstrator','0014_auto_20210507_1044','2021-05-07 10:44:54.787690'),(49,'adminstrator','0015_cities_countries_provinces','2021-05-07 10:45:05.789777'),(50,'adminstrator','0016_auto_20210507_1302','2021-05-07 13:07:19.679834'),(51,'adminstrator','0017_auto_20210507_1317','2021-05-07 13:17:46.227677'),(52,'adminstrator','0018_auto_20210507_1324','2021-05-07 13:24:35.429278'),(53,'adminstrator','0019_auto_20210507_1326','2021-05-07 13:26:38.928159'),(54,'adminstrator','0020_auto_20210507_1341','2021-05-07 13:41:36.711424'),(55,'adminstrator','0021_auto_20210507_1342','2021-05-07 13:42:20.556759'),(56,'adminstrator','0022_auto_20210507_1457','2021-05-07 14:57:40.193492'),(57,'adminstrator','0023_delete_studentinfo','2021-05-07 16:03:14.004891'),(58,'adminstrator','0024_studentinfo','2021-05-07 16:03:24.777276'),(59,'adminstrator','0025_auto_20210508_1509','2021-05-08 15:09:35.318974'),(60,'adminstrator','0026_auto_20210508_1511','2021-05-08 15:11:14.483496'),(61,'adminstrator','0027_auto_20210508_1515','2021-05-08 15:16:01.774640'),(62,'adminstrator','0028_auto_20210508_1528','2021-05-08 15:28:12.633731'),(63,'adminstrator','0029_auto_20210508_1540','2021-05-08 15:40:09.647130'),(64,'adminstrator','0030_auto_20210508_1905','2021-05-08 19:05:50.922218'),(65,'adminstrator','0031_auto_20210509_0750','2021-05-09 07:50:42.800728'),(66,'adminstrator','0032_auto_20210509_0829','2021-05-09 08:29:49.671031'),(67,'adminstrator','0033_course_hourperweek','2021-05-09 08:37:10.685496'),(68,'adminstrator','0034_auto_20210509_0938','2021-05-09 09:38:14.409174'),(69,'adminstrator','0035_auto_20210509_1013','2021-05-09 10:13:39.552254'),(70,'adminstrator','0036_collegeinfo4tc','2021-05-09 10:54:48.033661'),(71,'adminstrator','0037_auto_20210509_1055','2021-05-09 11:00:45.527518'),(72,'adminstrator','0038_auto_20210509_1111','2021-05-09 11:11:41.324617'),(73,'adminstrator','0039_course_pre_cou','2021-05-10 01:05:43.152843'),(74,'adminstrator','0040_auto_20210510_0105','2021-05-10 01:05:43.162103'),(75,'adminstrator','0041_remove_course_pre_cou','2021-05-10 01:06:50.369634'),(76,'adminstrator','0042_course_pre_cou','2021-05-10 01:06:50.376787'),(77,'adminstrator','0043_auto_20210510_0107','2021-05-10 01:07:15.182834'),(78,'adminstrator','0044_auto_20210510_0107','2021-05-10 01:08:01.298066'),(79,'adminstrator','0045_auto_20210510_0111','2021-05-10 01:11:32.902834'),(80,'adminstrator','0046_remove_course_pre_cou','2021-05-10 01:16:27.879333'),(81,'adminstrator','0047_auto_20210510_0117','2021-05-10 01:17:30.099880'),(82,'adminstrator','0048_auto_20210510_0118','2021-05-10 01:18:54.096893'),(83,'adminstrator','0049_auto_20210510_0118','2021-05-10 01:21:13.601421'),(84,'adminstrator','0050_remove_course_pre_cou','2021-05-10 02:03:15.495709'),(85,'adminstrator','0051_course_pre_course','2021-05-10 02:03:15.580623'),(86,'adminstrator','0052_building','2021-05-12 13:32:45.604482'),(87,'adminstrator','0053_auto_20210512_2134','2021-05-12 13:34:51.780569'),(88,'adminstrator','0054_classroom_building','2021-05-12 13:41:14.023874'),(89,'adminstrator','0055_auto_20210513_0008','2021-05-12 16:09:00.798120'),(90,'adminstrator','0056_message','2021-05-13 16:30:03.330550'),(91,'adminstrator','0057_auto_20210514_1842','2021-05-14 10:42:36.562050'),(92,'adminstrator','0058_auto_20210514_1910','2021-05-14 11:10:44.091981'),(93,'adminstrator','0059_auto_20210514_1913','2021-05-14 11:13:53.976786'),(94,'adminstrator','0060_auto_20210514_2002','2021-05-14 12:02:49.154666'),(95,'adminstrator','0061_auto_20210514_2303','2021-05-14 15:04:21.865894'),(96,'adminstrator','0062_auto_20210514_2304','2021-05-14 15:04:21.897383'),(97,'adminstrator','0063_auto_20210514_2311','2021-05-14 15:11:39.927714'),(98,'adminstrator','0064_message_result','2021-05-14 15:36:06.010360');
/*!40000 ALTER TABLE `django_migrations` ENABLE KEYS */;
UNLOCK TABLES;

--
-- Table structure for table `django_session`
--

DROP TABLE IF EXISTS `django_session`;
/*!40101 SET @saved_cs_client     = @@character_set_client */;
/*!50503 SET character_set_client = utf8mb4 */;
CREATE TABLE `django_session` (
  `session_key` varchar(40) NOT NULL,
  `session_data` longtext NOT NULL,
  `expire_date` datetime(6) NOT NULL,
  PRIMARY KEY (`session_key`),
  KEY `django_session_expire_date_a5c62663` (`expire_date`)
) ENGINE=InnoDB DEFAULT CHARSET=utf8mb4 COLLATE=utf8mb4_0900_ai_ci;
/*!40101 SET character_set_client = @saved_cs_client */;

--
-- Dumping data for table `django_session`
--

LOCK TABLES `django_session` WRITE;
/*!40000 ALTER TABLE `django_session` DISABLE KEYS */;
INSERT INTO `django_session` VALUES ('aessc06hfdu1e9tizq9d63ghs5y4i7o6','N2U4ZjU4OWUwYmY1MmQ3OWJhMzk0OWIyZWMyMjAwNzFhOTQ0NTY2ZDp7ImlzbG9naW4iOnRydWUsInVzZXJ0eXBlIjoiYWRtaW4iLCJ1c2VyaWQiOiIxMjM0NSJ9','2021-05-24 13:13:33.286211'),('ak30p5xxzhpwd05das59pjbm8bp6i1y4','N2U4ZjU4OWUwYmY1MmQ3OWJhMzk0OWIyZWMyMjAwNzFhOTQ0NTY2ZDp7ImlzbG9naW4iOnRydWUsInVzZXJ0eXBlIjoiYWRtaW4iLCJ1c2VyaWQiOiIxMjM0NSJ9','2021-06-01 11:14:40.014209'),('cfg1pkl2crgsfe9yu62u58qj1kfs6t9p','N2U4ZjU4OWUwYmY1MmQ3OWJhMzk0OWIyZWMyMjAwNzFhOTQ0NTY2ZDp7ImlzbG9naW4iOnRydWUsInVzZXJ0eXBlIjoiYWRtaW4iLCJ1c2VyaWQiOiIxMjM0NSJ9','2021-05-24 14:38:55.889986'),('lczbfbbjthqi6xbtn3rkwtetlu6psuan','N2U4ZjU4OWUwYmY1MmQ3OWJhMzk0OWIyZWMyMjAwNzFhOTQ0NTY2ZDp7ImlzbG9naW4iOnRydWUsInVzZXJ0eXBlIjoiYWRtaW4iLCJ1c2VyaWQiOiIxMjM0NSJ9','2021-05-24 13:14:14.523899'),('q69fnhzhucgx0rxivbnpjcc42eewkcjz','Y2Y0MmQ4ZTEwZDhkZGE2YTJlNzEyY2NjM2U0NjUyZDBiZTFiZjFlNjp7ImlzbG9naW4iOnRydWUsInVzZXJ0eXBlIjoic3R1ZGVudCIsInVzZXJpZCI6IjE5MDE0Njg0MSJ9','2021-05-26 16:03:56.533514'),('vithm3ktb6lwqv95c7p829zsrdu6jktl','N2U4ZjU4OWUwYmY1MmQ3OWJhMzk0OWIyZWMyMjAwNzFhOTQ0NTY2ZDp7ImlzbG9naW4iOnRydWUsInVzZXJ0eXBlIjoiYWRtaW4iLCJ1c2VyaWQiOiIxMjM0NSJ9','2021-05-24 14:23:47.658423'),('vu3j0cig5cpn06mjjfmr1kaq69rtdva5','N2U4ZjU4OWUwYmY1MmQ3OWJhMzk0OWIyZWMyMjAwNzFhOTQ0NTY2ZDp7ImlzbG9naW4iOnRydWUsInVzZXJ0eXBlIjoiYWRtaW4iLCJ1c2VyaWQiOiIxMjM0NSJ9','2021-05-24 14:40:43.297567');
/*!40000 ALTER TABLE `django_session` ENABLE KEYS */;
UNLOCK TABLES;
/*!40103 SET TIME_ZONE=@OLD_TIME_ZONE */;

/*!40101 SET SQL_MODE=@OLD_SQL_MODE */;
/*!40014 SET FOREIGN_KEY_CHECKS=@OLD_FOREIGN_KEY_CHECKS */;
/*!40014 SET UNIQUE_CHECKS=@OLD_UNIQUE_CHECKS */;
/*!40101 SET CHARACTER_SET_CLIENT=@OLD_CHARACTER_SET_CLIENT */;
/*!40101 SET CHARACTER_SET_RESULTS=@OLD_CHARACTER_SET_RESULTS */;
/*!40101 SET COLLATION_CONNECTION=@OLD_COLLATION_CONNECTION */;
/*!40111 SET SQL_NOTES=@OLD_SQL_NOTES */;

-- Dump completed on 2021-05-24 11:00:52
